Año: 2024,,,,,,,,,,,,,
Producción Agrícola,,,,,,,,,,,,,
Ciclo: Ciclicos - Perennes,,,,,,,,,,,,,
Modalidad: Riego + Temporal,,,,,,,,,,,,,
,,,,,,,,,,,,,
,Cultivo,Variedad,UDM,Tipo de tecnología,Tipo de producción,Tipo de mercado,Superficie,,,Producción,Rendimiento,PMR,Valor Producción
,,,,,,,(ha),,,,(udm/ha),($/udm),(miles de Pesos)
,,,,,,,Sembrada,Cosechada,Siniestrada,,,,
1,Aceituna,Aceituna manzanilla,Tonelada,Cielo abierto,Convencional,Nacional,"3,517.65","3,515.65",0,"24,445.73",6.95,"13,897.78","339,741.47"
2,Aceituna,Aceituna missión,Tonelada,Cielo abierto,Convencional,Nacional,"2,265.25","2,265.25",0,"4,899.43",2.16,"9,868.75","48,351.24"
3,Aceituna,Aceituna s/clasificar,Tonelada,Cielo abierto,Convencional,Nacional,7,7,0,56.98,8.14,"15,947.37",908.68
4,Aceituna,Aceituna negra,Tonelada,Cielo abierto,Convencional,Nacional,59,54,0,190.43,3.53,"10,185.34","1,939.59"
5,Acelga,Acelga s/clasificar,Tonelada,Cielo abierto,Convencional,Nacional,678.33,675.33,3,"9,532.94",14.12,"4,844.33","46,180.74"
6,Achiote,Achiote s/clasificar,Tonelada,Cielo abierto,Convencional,Nacional,"1,042.50",936.5,0,978.5,1.04,"28,052.60","27,449.46"
7,Agapando,Agapando s/clasificar,Gruesa,Cielo abierto,Convencional,Nacional,135.01,135.01,0,"81,794.64",605.84,234.04,"19,143.22"
8,Agave,Agave tequilero,Tonelada,Cielo abierto,Convencional,Nacional,"216,806.92","26,726.16",0,"2,042,893.77",76.44,"19,938.95","40,733,158.80"
9,Agave,Agave mezcalero,Tonelada,Cielo abierto,Convencional,Nacional,"25,448.15","5,980.95",0,"388,717.91",64.99,"6,190.41","2,406,324.83"
10,Agave,Agave bacanora,Tonelada,Cielo abierto,Convencional,Nacional,372,70,0,"2,596.02",37.09,"13,101.70","34,012.28"
11,Aguacate,Aguacate hass,Tonelada,Cielo abierto,Convencional,Exportación,10,10,0,60,6,"33,817.50","2,029.05"
12,Aguacate,Aguacate criollo,Tonelada,Cielo abierto,Convencional,Nacional,"6,867.14","6,671.30",0,"57,908.32",8.68,"12,874.70","745,552.29"
13,Aguacate,Aguacate hass,Tonelada,Cielo abierto,Convencional,Nacional,"246,866.42","237,375.35",0,"2,609,641.49",10.99,"20,697.88","54,014,036.77"
14,Aguacate,Aguacate fuerte,Tonelada,Cielo abierto,Convencional,Nacional,"1,249.70",785.2,0,"6,283.04",8,"14,571.48","91,553.20"
15,Aguacate,Aguacate hass,Tonelada,Cielo abierto,Orgánico,Nacional,"8,213.80","8,198.80",0,"87,374.40",10.66,"24,273.41","2,120,874.39"
16,Aguacate,Aguacate hass,Tonelada,Invernadero,Convencional,Exportación,5,3,0,60.6,20.2,"21,108.75","1,279.19"
17,Ajo,Ajo blanco,Tonelada,Cielo abierto,Convencional,Exportación,41,41,0,365.98,8.93,"31,864.18","11,661.65"
18,Ajo,Ajo blanco,Tonelada,Cielo abierto,Convencional,Nacional,"3,649.05","3,595.05",54,"40,843.23",11.36,"24,292.70","992,192.49"
19,Ajo,Ajo criollo,Tonelada,Cielo abierto,Convencional,Nacional,14.5,14.5,0,179.98,12.41,"31,426.99","5,656.23"
20,Ajo,Ajo morado,Tonelada,Cielo abierto,Convencional,Nacional,"4,204.95","4,133.95",71,"65,638.33",15.88,"19,428.93","1,275,282.75"
21,Ajo,Ajo blanco,Tonelada,Cielo abierto,Orgánico,Nacional,10,10,0,60.1,6.01,"35,346.00","2,124.29"
22,Ajonjolí,Ajonjolí s/clasificar,Tonelada,Cielo abierto,Convencional,Nacional,"64,219.28","57,056.28","7,163.00","43,961.98",0.77,"18,900.99","830,924.94"
23,Ajonjolí,Ajonjolí,Tonelada,Cielo abierto,Orgánico,Nacional,190,190,0,150.1,0.79,"20,099.14","3,016.88"
24,Albahaca,Albahaca s/clasificar,Tonelada,Cielo abierto,Convencional,Nacional,204.6,204.6,0,"1,508.97",7.38,"11,002.29","16,602.12"
25,Albahaca,Albahaca,Tonelada,Cielo abierto,Orgánico,Nacional,144,144,0,"1,263.92",8.78,"16,807.33","21,243.12"
26,Albahaca,Albahaca,Tonelada,Invernadero,Convencional,Exportación,4,4,0,72,18,"13,000.00",936
27,Albahaca,Albahaca,Tonelada,Invernadero,Convencional,Nacional,2,2,0,14.98,7.49,"14,685.50",219.99
28,Albricia,Albricia s/clasificar,Tonelada,Cielo abierto,Convencional,Nacional,16.3,16.3,0,290.03,17.79,"2,393.41",694.16
29,Alcachofa,Alcachofa s/clasificar,Tonelada,Cielo abierto,Convencional,Nacional,50.4,50.4,0,747.88,14.84,"13,756.19","10,287.98"
30,Alcachofa,Alcachofa,Tonelada,Macro túnel,Convencional,Nacional,3,3,0,46.53,15.51,"12,450.00",579.3
31,Alcatraz,Alcatraz s/clasificar,Gruesa,Cielo abierto,Convencional,Nacional,12,12,0,"3,734.40",311.2,385.5,"1,439.61"
32,Alfalfa,Alfalfa achicalada s/clasificar,Tonelada,Cielo abierto,Convencional,Nacional,"167,391.00","167,266.00",0,"3,030,104.50",18.12,"4,122.13","12,490,486.29"
33,Alfalfa,Alfalfa verde s/clasificar,Tonelada,Cielo abierto,Convencional,Nacional,"237,299.43","237,295.43",3,"21,312,812.62",89.82,696.67,"14,848,053.20"
34,Algarrobo,Algarrobo s/clasificar,Tonelada,Cielo abierto,Convencional,Nacional,76,76,0,299.44,3.94,"8,500.00","2,545.24"
35,Algodón hueso,Algodón hueso s/clasificar,Tonelada,Cielo abierto,Convencional,Nacional,"118,480.31","118,469.31",11,"479,731.86",4.05,"13,475.39","6,464,575.99"
36,Alhelí,Alhelí s/clasificar,Gruesa,Cielo abierto,Convencional,Nacional,1.95,1.95,0,"1,162.21",596.01,112.18,130.38
37,Alhelí,Alhelí s/clasificar,Manojo,Cielo abierto,Convencional,Nacional,180.8,180.8,0,"299,315.27","1,655.50",28.82,"8,625.13"
38,Alhelí,Alhelí s/clasificar,Tonelada,Cielo abierto,Convencional,Nacional,367.5,367.5,0,"3,050.42",8.3,"5,048.65","15,400.49"
39,Alpiste grano,Alpiste s/clasificar,Tonelada,Cielo abierto,Convencional,Nacional,0.45,0.45,0,0.37,0.82,"11,655.00",4.31
40,Alstroemeria,Alstroemeria s/clasificar,Gruesa,Cielo abierto,Convencional,Nacional,75,75,0,"512,749.20","6,836.66",129.89,"66,599.06"
41,Amaranto,Amaranto s/clasificar,Tonelada,Cielo abierto,Convencional,Nacional,"3,769.51","3,769.51",0,"7,264.19",1.93,"10,111.98","73,455.32"
42,Anís,Anís s/clasificar,Tonelada,Cielo abierto,Convencional,Nacional,312,312,0,497.55,1.59,"40,905.47","20,352.52"
43,Anturios,Anturios,Gruesa,Invernadero,Convencional,Nacional,1,1,0,"1,562.32","1,562.32","2,013.40","3,145.58"
44,Apio,Apio,Tonelada,Cielo abierto,Convencional,Exportación,170,170,0,"11,200.00",65.88,"6,677.05","74,782.97"
45,Apio,Apio s/clasificar,Tonelada,Cielo abierto,Convencional,Nacional,865.5,863,2.5,"31,388.64",36.37,"7,364.53","231,162.45"
46,Apio,Apio,Tonelada,Cielo abierto,Orgánico,Nacional,20,20,0,204,10.2,"5,600.00","1,142.40"
47,Arándano,Arándano azul (blueberry),Tonelada,Cielo abierto,Convencional,Exportación,"1,928.60","1,928.60",0,"26,006.65",13.48,"22,000.00","572,146.30"
48,Arándano,Arándano moras,Tonelada,Cielo abierto,Convencional,Nacional,10,9,0,21.6,2.4,"26,371.11",569.62
49,Arándano,Arándano azul (blueberry),Tonelada,Cielo abierto,Convencional,Nacional,775.05,679.8,0,"8,929.57",13.14,"182,458.16","1,629,272.92"
50,Arándano,Arándano azul (blueberry),Tonelada,Cielo abierto,Orgánico,Nacional,29,29,0,567.12,19.56,"194,645.28","110,387.23"
51,Arándano,Arándano azul (blueberry),Tonelada,Invernadero,Orgánico,Nacional,1,1,0,8.91,8.91,"152,000.00","1,354.32"
52,Arándano,Arándano azul (blueberry),Tonelada,Macro túnel,Convencional,Exportación,327.5,327.5,0,"7,115.26",21.73,"87,258.64","620,867.90"
53,Arándano,Arándano azul (blueberry),Tonelada,Macro túnel,Convencional,Nacional,"2,268.00","2,266.00",0,"31,255.52",13.79,"50,015.65","1,563,265.22"
54,Arándano,Arándano azul (blueberry),Tonelada,Macro túnel,Orgánico,Nacional,130,130,0,864.5,6.65,"52,126.54","45,063.39"
55,Arándano,Arándano azul (blueberry),Tonelada,Malla sombra,Convencional,Nacional,471.8,471.8,0,"5,764.80",12.22,"72,060.42","415,413.91"
56,Árbol de navidad,Árbol de navidad s/clasificar,Planta,Cielo abierto,Convencional,Nacional,"1,309.22","1,115.45",0,"821,466.86",736.44,611.58,"502,393.25"
57,Aretillo,Aretillo,Planta,Invernadero,Convencional,Nacional,4.3,4.3,0,"632,899.48","147,185.93",19.16,"12,128.94"
58,Arrayán,Arrayán s/clasificar,Tonelada,Cielo abierto,Convencional,Nacional,67,67,0,147.36,2.2,"14,394.14","2,121.12"
59,Arroz palay,Arroz palay tipo morelos,Tonelada,Cielo abierto,Convencional,Nacional,"2,216.06","2,216.06",0,"17,549.88",7.92,"6,886.90","120,864.25"
60,Arroz palay,Arroz palay grueso milagro filipino,Tonelada,Cielo abierto,Convencional,Nacional,"26,983.40","26,983.40",0,"186,667.73",6.92,"5,878.23","1,097,275.45"
61,Arroz palay,Arroz palay aztecas,Tonelada,Cielo abierto,Convencional,Nacional,"2,146.90","2,146.90",0,"15,370.26",7.16,"5,445.08","83,692.33"
62,Arvejón,Arvejón s/clasificar,Tonelada,Cielo abierto,Convencional,Nacional,"1,253.66","1,253.66",0,"1,813.12",1.45,"8,415.39","15,258.12"
63,Aster,Aster s/clasificar,Manojo,Cielo abierto,Convencional,Nacional,25.5,25.5,0,"1,083,041.29","42,472.21",111.95,"121,250.92"
64,Aster,Aster,Manojo,Invernadero,Convencional,Nacional,99,99,0,"4,689,862.65","47,372.35",120.48,"565,034.65"
65,Ave del paraíso,Ave del paraíso s/clasificar,Gruesa,Cielo abierto,Convencional,Nacional,180.5,180.5,0,"89,470.84",495.68,374.62,"33,517.90"
66,Ave del paraíso,Ave del paraíso s/clasificar,Tonelada,Cielo abierto,Convencional,Nacional,38,38,0,"16,322.52",429.54,347.92,"5,678.87"
67,Avena forrajera en verde,Avena forrajera en verde s/clasificar,Tonelada,Cielo abierto,Convencional,Nacional,"546,982.00","498,592.12","48,389.88","7,661,603.43",15.37,746.2,"5,717,053.03"
68,Avena forrajera en verde,Avena forrajera achicalada s/clasificar,Tonelada,Cielo abierto,Convencional,Nacional,"15,310.00","14,310.00","1,000.00","185,990.00",13,795.09,"147,878.25"
69,Avena forrajera en verde,Avena forrajera seca s/clasificar,Tonelada,Cielo abierto,Convencional,Nacional,75,75,0,300,4,"3,500.00","1,050.00"
70,Avena forrajera en verde,Avena forrajera en verde,Tonelada,Invernadero,Convencional,Nacional,30,30,0,"1,530.00",51,690,"1,055.70"
71,Avena forrajera en verde,Avena forrajera en verde,Tonelada,Malla sombra,Convencional,Nacional,180,180,0,"9,645.00",53.58,681.86,"6,576.52"
72,Avena grano,Avena grano s/clasificar,Tonelada,Cielo abierto,Convencional,Nacional,"45,236.44","38,159.54","7,076.90","74,602.88",1.96,"6,022.74","449,313.51"
73,Baby back choi,Baby back choi s/clasificar,Tonelada,Cielo abierto,Convencional,Nacional,353.75,353.75,0,"5,071.45",14.34,"13,510.79","68,519.29"
74,Bambú,Bambú s/clasificar,Tonelada,Cielo abierto,Convencional,Nacional,390,329,0,"4,204.39",12.78,"2,690.88","11,313.50"
75,Bangaña,Bangaña s/clasificar,Tonelada,Cielo abierto,Convencional,Nacional,7,7,0,54.4,7.77,"5,735.29",312
76,Begonia,Begonia,Planta,Invernadero,Convencional,Nacional,8.6,8.6,0,"1,923,908.10","223,710.24",19.27,"37,077.44"
77,Belén,Belén,Planta,Invernadero,Convencional,Nacional,6.95,6.95,0,"1,450,856.88","208,756.39",12.66,"18,360.84"
78,Berenjena,Berenjena,Tonelada,Cielo abierto,Convencional,Exportación,191,191,0,"10,520.83",55.08,"12,192.05","128,270.46"
79,Berenjena,Berenjena s/clasificar,Tonelada,Cielo abierto,Convencional,Nacional,682.04,682.04,0,"25,141.18",36.86,"9,860.91","247,914.96"
80,Berenjena,Berenjena,Tonelada,Cielo abierto,Orgánico,Exportación,73,73,0,"2,125.00",29.11,"11,960.38","25,415.80"
81,Berenjena,Berenjena,Tonelada,Cielo abierto,Orgánico,Nacional,48,48,0,"1,521.72",31.7,"14,244.94","21,676.82"
82,Berenjena,Berenjena,Tonelada,Invernadero,Convencional,Exportación,10,10,0,620,62,"10,005.00","6,203.10"
83,Berenjena,Berenjena,Tonelada,Invernadero,Convencional,Nacional,71,71,0,"7,065.35",99.51,"11,225.58","79,312.63"
84,Berenjena,Berenjena,Tonelada,Macro túnel,Convencional,Nacional,4,4,0,268,67,"7,343.75","1,968.13"
85,Berenjena,Berenjena,Tonelada,Malla sombra,Convencional,Exportación,86,86,0,"6,724.00",78.19,"11,106.92","74,682.91"
86,Berenjena,Berenjena,Tonelada,Malla sombra,Convencional,Nacional,72.5,72.5,0,"6,046.50",83.4,"10,788.33","65,231.63"
87,Betabel,Betabel,Tonelada,Cielo abierto,Convencional,Exportación,53,53,0,828.99,15.64,"12,309.84","10,204.74"
88,Betabel,Betabel s/clasificar,Tonelada,Cielo abierto,Convencional,Nacional,781.01,781.01,0,"15,858.64",20.31,"5,983.28","94,886.61"
89,Boi choi,Boi choi s/clasificar,Tonelada,Cielo abierto,Convencional,Nacional,315,315,0,"3,577.35",11.36,"4,900.00","17,529.02"
90,Brócoli,Brócoli,Tonelada,Cielo abierto,Convencional,Exportación,"2,033.00","2,033.00",0,"38,971.01",19.17,"12,780.46","498,067.54"
91,Brócoli,Brócoli chino,Tonelada,Cielo abierto,Convencional,Nacional,73,73,0,"1,286.26",17.62,"9,612.72","12,364.46"
92,Brócoli,Brócoli s/clasificar,Tonelada,Cielo abierto,Convencional,Nacional,"32,013.26","31,999.76",13.5,"587,502.22",18.36,"6,663.94","3,915,080.49"
93,Brócoli,Brócoli,Tonelada,Cielo abierto,Orgánico,Exportación,175,175,0,"2,712.50",15.5,"14,700.00","39,873.75"
94,Brócoli,Brócoli broccolette,Tonelada,Cielo abierto,Orgánico,Exportación,282.5,282.5,0,"4,237.50",15,"22,500.00","95,343.75"
95,Brócoli,Brócoli,Tonelada,Cielo abierto,Orgánico,Nacional,373,338,35,"5,480.40",16.21,"7,708.46","42,245.47"
96,Brócoli,Brócoli,Tonelada,Invernadero,Convencional,Nacional,3,3,0,138,46,"8,368.48","1,154.85"
97,Brócoli,Brócoli,Tonelada,Malla sombra,Convencional,Nacional,8,8,0,358.5,44.81,"7,729.50","2,771.03"
98,Cacahuate,Cacahuate s/clasificar,Tonelada,Cielo abierto,Convencional,Nacional,"47,494.77","40,070.52","7,424.25","70,228.35",1.75,"15,036.86","1,056,014.12"
99,Cacao,Cacao s/clasificar,Tonelada,Cielo abierto,Convencional,Nacional,"52,446.09","52,267.50",0,"28,440.44",0.54,"42,559.33","1,210,405.97"
100,Cacao,Cacao,Tonelada,Cielo abierto,Orgánico,Nacional,6,6,0,7.2,1.2,"34,684.26",249.73
101,Café cereza,Café cereza robusta,Tonelada,Cielo abierto,Convencional,Nacional,257,257,0,388.07,1.51,"5,575.81","2,163.80"
102,Café cereza,Café cereza s/clasificar,Tonelada,Cielo abierto,Convencional,Nacional,"679,582.00","639,086.70","1,900.00","1,019,319.72",1.59,"6,409.69","6,533,523.92"
103,Café cereza,Café cereza arábiga,Tonelada,Cielo abierto,Orgánico,Nacional,52,52,0,70.2,1.35,"7,128.63",500.43
104,Café cereza,Café cereza,Tonelada,Cielo abierto,Orgánico,Nacional,"21,444.30","20,303.70",0,"36,539.47",1.8,"6,513.45","237,997.97"
105,Caimito,Caimito s/clasificar,Tonelada,Cielo abierto,Convencional,Nacional,2,2,0,14.6,7.3,"4,202.74",61.36
106,Calabacita,Calabacita italiana (zucchini),Tonelada,Cielo abierto,Convencional,Exportación,"2,766.80","2,740.80",26,"83,293.97",30.39,"6,832.92","569,140.91"
107,Calabacita,Calabacita italiana (zucchini),Tonelada,Cielo abierto,Convencional,Nacional,"18,559.71","18,525.71",34,"370,922.24",20.02,"6,522.56","2,419,363.40"
108,Calabacita,Calabacita criolla,Tonelada,Cielo abierto,Convencional,Nacional,"1,623.47","1,623.47",0,"22,117.87",13.62,"7,272.67","160,855.91"
109,Calabacita,Calabacita italiana (zucchini),Tonelada,Cielo abierto,Orgánico,Exportación,119,119,0,"2,869.72",24.12,"7,778.35","22,321.67"
110,Calabacita,Calabacita italiana (zucchini),Tonelada,Cielo abierto,Orgánico,Nacional,36,36,0,865.08,24.03,"18,196.71","15,741.61"
111,Calabacita,Calabacita,Tonelada,Cielo abierto,Orgánico,Nacional,8,8,0,136,17,"7,275.00",989.4
112,Calabacita,Calabacita italiana (zucchini),Tonelada,Invernadero,Convencional,Exportación,42,42,0,840,20,"3,620.42","3,041.15"
113,Calabacita,Calabacita italiana (zucchini),Tonelada,Invernadero,Convencional,Nacional,4,4,0,214,53.5,"8,512.85","1,821.75"
114,Calabaza,Calabaza de castilla,Tonelada,Cielo abierto,Convencional,Exportación,83,83,0,"2,050.06",24.7,"7,346.34","15,060.43"
115,Calabaza,Calabaza butter (buchona),Tonelada,Cielo abierto,Convencional,Exportación,310,310,0,"10,060.12",32.45,"8,050.00","80,983.97"
116,Calabaza,Calabaza kabocha,Tonelada,Cielo abierto,Convencional,Exportación,653.82,653.82,0,"13,728.23",21,"12,845.83","176,350.53"
117,Calabaza,Calabaza spaguetti,Tonelada,Cielo abierto,Convencional,Exportación,47,47,0,"1,499.77",31.91,"8,500.00","12,748.05"
118,Calabaza,Calabaza de castilla,Tonelada,Cielo abierto,Convencional,Nacional,"1,970.54","1,970.54",0,"37,175.88",18.87,"7,509.11","279,157.92"
119,Calabaza,Calabaza kabocha,Tonelada,Cielo abierto,Convencional,Nacional,709,699,10,"12,191.55",17.44,"11,375.22","138,681.59"
120,Calabaza,Calabaza spaguetti,Tonelada,Cielo abierto,Convencional,Nacional,249,249,0,"5,120.05",20.56,"7,205.66","36,893.36"
121,Calabaza,Calabaza s/clasificar,Tonelada,Cielo abierto,Convencional,Nacional,15,15,0,249.24,16.62,"5,988.48","1,492.57"
122,Calabaza,Calabaza criolla,Tonelada,Cielo abierto,Convencional,Nacional,384.75,384.75,0,"4,732.42",12.3,"4,605.26","21,794.01"
123,Calabaza,Calabaza butter (buchona),Tonelada,Cielo abierto,Convencional,Nacional,20,20,0,525,26.25,"5,125.43","2,690.85"
124,Calabaza semilla o chihua,Calabaza semilla o chihua s/clasificar,Tonelada,Cielo abierto,Convencional,Nacional,"54,307.65","54,307.65",0,"36,017.00",0.66,"39,019.41","1,405,362.10"
125,Calancoe,Calancoe,Planta,Invernadero,Convencional,Nacional,9.3,9.3,0,"1,278,037.50","137,423.39",13.58,"17,353.49"
126,Camote,Camote s/clasificar,Tonelada,Cielo abierto,Convencional,Nacional,"3,287.04","3,287.04",0,"66,732.29",20.3,"7,624.85","508,823.57"
127,Caña de azúcar,Caña de azúcar industrial,Tonelada,Cielo abierto,Convencional,Nacional,"843,038.78","784,339.74",0,"53,050,963.28",67.64,953.6,"50,589,597.76"
128,Caña de azúcar,Caña de azúcar industrial,Tonelada,Cielo abierto,Orgánico,Nacional,9.5,8,0,398.4,49.8,"1,095.00",436.25
129,Caña de azúcar otro uso,Caña de azúcar piloncillo s/clasificar,Tonelada,Cielo abierto,Convencional,Nacional,"11,363.65","11,012.55",0,"286,920.86",26.05,904.77,"259,597.70"
130,Caña de azúcar otro uso,Caña de azúcar fruta s/clasificar,Tonelada,Cielo abierto,Convencional,Nacional,"2,504.34","2,459.64",0,"111,719.37",45.42,"1,491.05","166,579.42"
131,Caña de azúcar otro uso,Caña de azúcar forrajera s/clasificar,Tonelada,Cielo abierto,Convencional,Nacional,69.7,69.7,0,"3,406.15",48.87,920.9,"3,136.73"
132,Caña de azúcar otro uso,Caña de azúcar piloncillo,Tonelada,Cielo abierto,Orgánico,Nacional,369.75,353.25,0,"18,342.10",51.92,954.33,"17,504.46"
133,Canola,Canola s/clasificar,Tonelada,Cielo abierto,Convencional,Nacional,452.78,452.78,0,443.6,0.98,"6,785.93","3,010.24"
134,Canola forrajera,Canola forrajera s/clasificar,Tonelada,Cielo abierto,Convencional,Nacional,4,4,0,70.2,17.55,"1,150.00",80.73
135,Capulín,Capulín s/clasificar,Tonelada,Cielo abierto,Convencional,Nacional,37.6,32.6,0,85.17,2.61,"8,029.17",683.84
136,Carambolo,Carambolo s/clasificar,Tonelada,Cielo abierto,Convencional,Nacional,45,45,0,462.47,10.28,"7,169.66","3,315.75"
137,Cártamo,Cártamo s/clasificar,Tonelada,Cielo abierto,Convencional,Nacional,"47,177.21","46,380.21",797,"70,510.48",1.52,"8,637.82","609,057.00"
138,Cártamo,Cártamo,Tonelada,Cielo abierto,Orgánico,Nacional,88,88,0,123.04,1.4,"6,202.46",763.15
139,Cártamo forrajero en verde,Cártamo forrajero en verde s/clasificar,Tonelada,Cielo abierto,Convencional,Nacional,545,545,0,"8,022.60",14.72,"1,086.04","8,712.89"
140,Cebada forrajera en verde,Cebada forrajera achicalada s/clasificar,Tonelada,Cielo abierto,Convencional,Nacional,20,20,0,84,4.2,"1,035.71",87
141,Cebada forrajera en verde,Cebada forrajera en verde s/clasificar,Tonelada,Cielo abierto,Convencional,Nacional,"8,686.36","8,663.48",22.88,"162,984.29",18.81,714.31,"116,421.42"
142,Cebada grano,Cebada grano s/clasificar,Tonelada,Cielo abierto,Convencional,Nacional,"301,729.41","300,558.13","1,171.28","827,490.98",2.75,"6,077.18","5,028,815.73"
143,Cebolla,Cebolla blanca,Tonelada,Cielo abierto,Convencional,Exportación,678,678,0,"22,164.00",32.69,"12,190.59","270,192.14"
144,Cebolla,Cebolla morada,Tonelada,Cielo abierto,Convencional,Exportación,85,85,0,"2,772.50",32.62,"15,117.58","41,913.49"
145,Cebolla,Cebollín,Tonelada,Cielo abierto,Convencional,Exportación,"8,494.00","8,494.00",0,"136,950.97",16.12,"15,879.86","2,174,762.28"
146,Cebolla,Cebolla amarilla,Tonelada,Cielo abierto,Convencional,Exportación,110,110,0,"4,186.00",38.05,"9,329.44","39,053.05"
147,Cebolla,Cebolla s/clasificar,Tonelada,Cielo abierto,Convencional,Nacional,7,7,0,378,54,"5,700.00","2,154.60"
148,Cebolla,Cebolla blanca,Tonelada,Cielo abierto,Convencional,Nacional,"38,789.76","38,704.76",85,"1,423,092.85",36.77,"6,219.15","8,850,425.61"
149,Cebolla,Cebolla morada,Tonelada,Cielo abierto,Convencional,Nacional,858.45,858.45,0,"31,583.62",36.79,"7,754.20","244,905.58"
150,Cebolla,Cebollín chino,Tonelada,Cielo abierto,Convencional,Nacional,981.8,981.8,0,"13,157.02",13.4,"6,822.89","89,768.87"
151,Cebolla,Cebolla amarilla,Tonelada,Cielo abierto,Convencional,Nacional,105,105,0,"3,450.84",32.87,"8,291.27","28,611.85"
152,Cebolla,Cebolla cambray,Tonelada,Cielo abierto,Convencional,Nacional,685.53,681.53,4,"10,874.24",15.96,"8,576.31","93,260.84"
153,Cebolla,Cebollín s/clasificar,Tonelada,Cielo abierto,Convencional,Nacional,945,945,0,"16,807.45",17.79,"14,958.65","251,416.70"
154,Cebolla,Cebollín,Tonelada,Cielo abierto,Orgánico,Exportación,585,585,0,"7,312.50",12.5,"18,400.00","134,550.00"
155,Cebolla,Cebolla blanca,Tonelada,Malla sombra,Convencional,Nacional,4,4,0,260,65,"7,100.00","1,846.00"
156,Centeno grano,Centeno grano s/clasificar,Tonelada,Cielo abierto,Convencional,Nacional,44,44,0,214.88,4.88,"3,220.81",692.09
157,Cereza,Cereza guinda,Tonelada,Cielo abierto,Convencional,Nacional,42.5,37,0,147.52,3.99,"74,927.77","11,053.34"
158,Chabacano,Chabacano s/clasificar,Tonelada,Cielo abierto,Convencional,Nacional,214.41,201.41,0,"1,039.46",5.16,"9,703.22","10,086.11"
159,Chayote,Chayote s/clasificar,Tonelada,Cielo abierto,Convencional,Nacional,"2,967.59","2,964.79",0,"202,833.51",68.41,"6,753.89","1,369,915.05"
160,Chía,Chía s/clasificar,Tonelada,Cielo abierto,Convencional,Nacional,"3,874.96","3,874.96",0,"2,983.68",0.77,"62,075.63","185,213.81"
161,Chícharo,Chícharo,Tonelada,Cielo abierto,Convencional,Exportación,16,16,0,114.9,7.18,"23,696.08","2,722.68"
162,Chícharo,Chícharo s/clasificar,Tonelada,Cielo abierto,Convencional,Nacional,"6,414.13","6,414.13",0,"29,315.72",4.57,"8,358.27","245,028.80"
163,Chícharo,Chícharo,Tonelada,Cielo abierto,Orgánico,Nacional,43.5,43.5,0,408,9.38,"17,785.10","7,256.32"
164,Chilacayote,Chilacayote s/clasificar,Tonelada,Cielo abierto,Convencional,Nacional,82.5,82.5,0,"1,330.12",16.12,"4,759.04","6,330.10"
165,Chile verde,Chile verde morrón (bell pepper),Tonelada,Cielo abierto,Convencional,Exportación,228,228,0,"13,469.00",59.07,"13,315.51","179,346.60"
166,Chile verde,Chile verde serrano,Tonelada,Cielo abierto,Convencional,Exportación,169.7,169.7,0,"7,427.87",43.77,"10,789.46","80,142.68"
167,Chile verde,Chile verde anaheim,Tonelada,Cielo abierto,Convencional,Exportación,162,162,0,"6,943.68",42.86,"11,973.99","83,143.57"
168,Chile verde,Chile verde jalapeño,Tonelada,Cielo abierto,Convencional,Exportación,450.66,450.66,0,"15,665.38",34.76,"9,326.37","146,101.17"
169,Chile verde,Chile verde poblano,Tonelada,Cielo abierto,Convencional,Exportación,82,82,0,"3,334.54",40.67,"6,552.26","21,848.79"
170,Chile verde,Chile verde banana,Tonelada,Cielo abierto,Convencional,Nacional,5,5,0,140,28,"6,341.07",887.75
171,Chile verde,Chile seco colorado,Tonelada,Cielo abierto,Convencional,Nacional,"9,172.00","9,172.00",0,"20,499.62",2.24,"60,942.85","1,249,305.30"
172,Chile verde,Chile verde puya,Tonelada,Cielo abierto,Convencional,Nacional,22,22,0,476.45,21.66,"6,254.94","2,980.17"
173,Chile verde,Chile verde jalapeño,Tonelada,Cielo abierto,Convencional,Nacional,"26,694.33","26,316.33",378,"755,587.02",28.71,"8,347.50","6,307,261.71"
174,Chile verde,Chile seco de árbol (cola de rata),Tonelada,Cielo abierto,Convencional,Nacional,"2,866.26","2,866.26",0,"5,274.37",1.84,"78,489.44","413,982.33"
175,Chile verde,Chile verde anaheim,Tonelada,Cielo abierto,Convencional,Nacional,"1,577.09","1,577.09",0,"56,418.76",35.77,"10,802.47","609,462.09"
176,Chile verde,Chile verde paprika,Tonelada,Cielo abierto,Convencional,Nacional,"2,270.00","2,270.00",0,"46,754.80",20.6,"10,754.51","502,825.00"
177,Chile verde,Chile verde mirasol,Tonelada,Cielo abierto,Convencional,Nacional,538.25,538.25,0,"4,653.40",8.65,"7,732.44","35,982.13"
178,Chile verde,Chile seco mulato,Tonelada,Cielo abierto,Convencional,Nacional,122.04,122.04,0,140.19,1.15,"72,000.00","10,093.68"
179,Chile verde,Chile verde chilaca,Tonelada,Cielo abierto,Convencional,Nacional,"3,782.07","3,782.07",0,"86,485.53",22.87,"10,144.32","877,336.77"
180,Chile verde,Chile verde chiltepín,Tonelada,Cielo abierto,Convencional,Nacional,27,27,0,18.9,0.7,"1,200,000.00","22,680.00"
181,Chile verde,Chile verde piquín,Tonelada,Cielo abierto,Convencional,Nacional,"1,236.00","1,236.00",0,"1,399.13",1.13,"86,340.79","120,801.98"
182,Chile verde,Chile seco tabaquero,Tonelada,Cielo abierto,Convencional,Nacional,324.85,324.85,0,185.52,0.57,"149,883.63","27,806.41"
183,Chile verde,Chile verde de agua,Tonelada,Cielo abierto,Convencional,Nacional,260.15,260.15,0,"2,071.88",7.96,"20,972.13","43,451.74"
184,Chile verde,Chile verde serrano,Tonelada,Cielo abierto,Convencional,Nacional,"12,479.46","12,447.86",31.6,"328,740.36",26.41,"11,464.98","3,769,001.49"
185,Chile verde,Chile verde habanero,Tonelada,Cielo abierto,Convencional,Nacional,"1,437.23","1,430.23",7,"25,819.78",18.05,"19,916.97","514,251.75"
186,Chile verde,Chile seco puya,Tonelada,Cielo abierto,Convencional,Nacional,"10,191.01","10,173.51",17.5,"21,424.89",2.11,"69,653.98","1,492,328.77"
187,Chile verde,Chile verde guajillo,Tonelada,Cielo abierto,Convencional,Nacional,229,229,0,"3,662.74",15.99,"7,649.91","28,019.62"
188,Chile verde,Chile seco costeño,Tonelada,Cielo abierto,Convencional,Nacional,"2,647.00","2,647.00",0,"1,513.66",0.57,"86,973.23","131,647.89"
189,Chile verde,Chile verde hungaro (x-cat-ik),Tonelada,Cielo abierto,Convencional,Nacional,447.5,447.5,0,"11,844.81",26.47,"12,998.68","153,966.84"
190,Chile verde,Chile verde s/clasificar,Tonelada,Cielo abierto,Convencional,Nacional,114.85,114.85,0,"2,697.40",23.49,"10,497.16","28,315.05"
191,Chile verde,Chile verde cayene,Tonelada,Cielo abierto,Convencional,Nacional,"2,900.00","2,900.00",0,"52,127.80",17.98,"12,447.74","648,873.38"
192,Chile verde,Chile verde manzano,Tonelada,Cielo abierto,Convencional,Nacional,271.1,271.1,0,"6,317.05",23.3,"8,664.36","54,733.19"
193,Chile verde,Chile seco guajillo,Tonelada,Cielo abierto,Convencional,Nacional,"9,660.18","9,660.18",0,"21,196.58",2.19,"77,702.77","1,647,032.94"
194,Chile verde,Chile verde caloro,Tonelada,Cielo abierto,Convencional,Nacional,"2,687.50","2,687.50",0,"70,468.90",26.22,"8,859.79","624,339.83"
195,Chile verde,Chile verde costeño,Tonelada,Cielo abierto,Convencional,Nacional,19.7,19.7,0,142.96,7.26,"6,603.27",944
196,Chile verde,Chile verde perón,Tonelada,Cielo abierto,Convencional,Nacional,156,156,0,"1,679.87",10.77,"9,315.64","15,649.06"
197,Chile verde,Chile seco pasilla,Tonelada,Cielo abierto,Convencional,Nacional,"5,262.79","5,262.79",0,"10,326.65",1.96,"80,723.51","833,603.41"
198,Chile verde,Chile verde cristal,Tonelada,Cielo abierto,Convencional,Nacional,4,4,0,120.52,30.13,"11,186.57","1,348.21"
199,Chile verde,Chile verde regional,Tonelada,Cielo abierto,Convencional,Nacional,729.4,729.4,0,"6,167.81",8.46,"12,927.37","79,733.55"
200,Chile verde,Chile verde morrón (bell pepper),Tonelada,Cielo abierto,Convencional,Nacional,"1,595.95","1,594.45",1.5,"75,433.34",47.31,"13,064.63","985,508.33"
201,Chile verde,Chile verde poblano,Tonelada,Cielo abierto,Convencional,Nacional,"14,402.09","14,352.09",50,"339,992.60",23.69,"10,672.03","3,628,412.71"
202,Chile verde,Chile seco mirasol,Tonelada,Cielo abierto,Convencional,Nacional,"18,793.00","18,793.00",0,"40,304.68",2.14,"76,486.19","3,082,751.57"
203,Chile verde,Chile verde de árbol (cola de rata),Tonelada,Cielo abierto,Convencional,Nacional,936.6,936.6,0,"12,046.13",12.86,"12,792.07","154,094.99"
204,Chile verde,Chile seco ancho,Tonelada,Cielo abierto,Convencional,Nacional,"14,786.78","14,781.78",5,"31,143.66",2.11,"85,775.16","2,671,352.52"
205,Chile verde,Chile verde soledad,Tonelada,Cielo abierto,Convencional,Nacional,"1,686.16","1,686.16",0,"15,312.43",9.08,"9,955.20","152,438.28"
206,Chile verde,Chile verde jalapeño,Tonelada,Cielo abierto,Orgánico,Nacional,11.25,11.25,0,208.13,18.5,"11,532.23","2,400.20"
207,Chile verde,Chile verde,Tonelada,Cielo abierto,Orgánico,Nacional,25,25,0,"1,026.75",41.07,"15,057.79","15,460.59"
208,Chile verde,Chile verde morrón (bell pepper),Tonelada,Cielo abierto,Orgánico,Nacional,45.5,45.5,0,"1,776.90",39.05,"19,081.38","33,905.70"
209,Chile verde,Chile verde serrano,Tonelada,Cielo abierto,Orgánico,Nacional,5.6,5.6,0,81.65,14.58,"10,537.50",860.39
210,Chile verde,Chile verde morrón (bell pepper),Tonelada,Invernadero,Convencional,Exportación,576.52,576.52,0,"53,474.08",92.75,"19,066.16","1,019,545.36"
211,Chile verde,Chile verde hungaro (x-cat-ik),Tonelada,Invernadero,Convencional,Nacional,1.5,1.5,0,25.5,17,"29,000.00",739.5
212,Chile verde,Chile verde habanero,Tonelada,Invernadero,Convencional,Nacional,19.83,19.83,0,602.17,30.37,"24,809.50","14,939.54"
213,Chile verde,Chile verde manzano,Tonelada,Invernadero,Convencional,Nacional,46.72,46.72,0,"2,571.38",55.04,"11,127.55","28,613.16"
214,Chile verde,Chile verde serrano,Tonelada,Invernadero,Convencional,Nacional,11,11,0,471.7,42.88,"8,548.99","4,032.56"
215,Chile verde,Chile verde morrón (bell pepper),Tonelada,Invernadero,Convencional,Nacional,"1,286.64","1,286.64",0,"158,089.46",122.87,"20,364.83","3,219,464.60"
216,Chile verde,Chile verde,Tonelada,Invernadero,Convencional,Nacional,15.5,15.5,0,"1,717.40",110.8,"9,800.00","16,830.52"
217,Chile verde,Chile verde jalapeño,Tonelada,Invernadero,Convencional,Nacional,110,110,0,"10,104.00",91.85,"8,911.42","90,040.95"
218,Chile verde,Chile verde poblano,Tonelada,Invernadero,Convencional,Nacional,210.5,210.5,0,"15,894.16",75.51,"7,683.94","122,129.80"
219,Chile verde,Chile verde morrón (bell pepper),Tonelada,Macro túnel,Convencional,Nacional,8,8,0,398,49.75,"16,562.50","6,591.88"
220,Chile verde,Chile verde poblano,Tonelada,Macro túnel,Convencional,Nacional,4,4,0,158,39.5,"9,928.64","1,568.73"
221,Chile verde,Chile verde hungaro (x-cat-ik),Tonelada,Macro túnel,Convencional,Nacional,3,3,0,90,30,"10,950.00",985.5
222,Chile verde,Chile verde jalapeño,Tonelada,Macro túnel,Convencional,Nacional,4,4,0,152,38,"7,950.00","1,208.40"
223,Chile verde,Chile verde morrón (bell pepper),Tonelada,Malla sombra,Convencional,Exportación,"1,322.59","1,322.59",0,"114,577.38",86.63,"15,680.97","1,796,684.12"
224,Chile verde,Chile verde chilaca,Tonelada,Malla sombra,Convencional,Nacional,10,10,0,927,92.7,"10,423.95","9,663.00"
225,Chile verde,Chile verde habanero,Tonelada,Malla sombra,Convencional,Nacional,34.3,34.3,0,"1,105.74",32.24,"20,834.72","23,037.79"
226,Chile verde,Chile verde anaheim,Tonelada,Malla sombra,Convencional,Nacional,42,42,0,"3,000.00",71.43,"11,606.59","34,819.76"
227,Chile verde,Chile verde serrano,Tonelada,Malla sombra,Convencional,Nacional,359,359,0,"18,456.19",51.41,"9,200.00","169,796.95"
228,Chile verde,Chile verde morrón (bell pepper),Tonelada,Malla sombra,Convencional,Nacional,"1,502.65","1,502.65",0,"111,712.81",74.34,"14,582.96","1,629,103.66"
229,Chile verde,Chile verde caloro,Tonelada,Malla sombra,Convencional,Nacional,5,5,0,463.5,92.7,"12,815.53","5,940.00"
230,Chile verde,Chile verde hungaro (x-cat-ik),Tonelada,Malla sombra,Convencional,Nacional,16.5,16.5,0,918.2,55.65,"15,062.88","13,830.74"
231,Chile verde,Chile verde jalapeño,Tonelada,Malla sombra,Convencional,Nacional,24,24,0,"1,616.00",67.33,"10,579.89","17,097.10"
232,Chile verde,Chile verde poblano,Tonelada,Malla sombra,Convencional,Nacional,74,74,0,"6,411.58",86.64,"12,204.44","78,249.74"
233,Chile verde,Chile verde morrón (bell pepper),Tonelada,Malla sombra,Orgánico,Exportación,20.3,20.3,0,928.84,45.76,"17,879.59","16,607.28"
234,Chirimoya,Chirimoya s/clasificar,Tonelada,Cielo abierto,Convencional,Nacional,52,52,0,549.82,10.57,"9,949.46","5,470.41"
235,Chives,Chives,Tonelada,Cielo abierto,Orgánico,Nacional,4.5,4.5,0,22.84,5.08,"12,863.29",293.8
236,Cilantro,Cilantro,Tonelada,Cielo abierto,Convencional,Exportación,304,304,0,"5,999.50",19.74,"9,935.77","59,609.63"
237,Cilantro,Cilantro s/clasificar,Tonelada,Cielo abierto,Convencional,Nacional,"7,114.25","7,114.25",0,"101,521.41",14.27,"6,492.02","659,078.78"
238,Cilantro,Cilantro,Tonelada,Cielo abierto,Orgánico,Nacional,4,4,0,42.02,10.51,"17,365.38",729.69
239,Cineraria,Cineraria,Planta,Invernadero,Convencional,Nacional,11.6,11.6,0,"2,025,466.14","174,609.15",16.06,"32,522.15"
240,Ciruela,Ciruela del país,Tonelada,Cielo abierto,Convencional,Nacional,"8,226.43","8,097.18",0,"46,329.38",5.72,"6,935.80","321,331.43"
241,Ciruela,Ciruela de almendra,Tonelada,Cielo abierto,Convencional,Nacional,"2,228.50","2,228.50",0,"12,089.52",5.42,"5,664.22","68,477.67"
242,Ciruela,Ciruela española,Tonelada,Cielo abierto,Convencional,Nacional,652,584.35,0,"3,207.41",5.49,"6,084.14","19,514.33"
243,Clavel,Clavel s/clasificar,Gruesa,Cielo abierto,Convencional,Nacional,32,32,0,"213,990.00","6,687.19",183.98,"39,369.70"
244,Clavel,Clavel,Gruesa,Invernadero,Convencional,Nacional,12,12,0,"89,328.27","7,444.02",115.2,"10,290.28"
245,Clavel,Clavel,Gruesa,Macro túnel,Convencional,Nacional,509,509,0,"3,798,331.11","7,462.34",225.83,"857,780.53"
246,Clavel,Clavel s/clasificar,Tonelada,Cielo abierto,Convencional,Nacional,1,1,0,"5,356.00","5,356.00",53.4,286
247,Clyptoria,Clyptoria s/clasificar,Tonelada,Cielo abierto,Convencional,Nacional,9,9,0,81.99,9.11,"1,000.00",81.99
248,Coco fruta,Coco fruta s/clasificar,Tonelada,Cielo abierto,Convencional,Nacional,"13,862.25","12,859.50",0,"210,175.07",16.34,"5,265.30","1,106,634.44"
249,Col (repollo),Col (repollo) blanca,Tonelada,Cielo abierto,Convencional,Exportación,195,195,0,"8,000.85",41.03,"4,382.75","35,065.73"
250,Col (repollo),Col (repollo) blanca,Tonelada,Cielo abierto,Convencional,Nacional,"5,284.17","5,283.17",1,"179,842.91",34.04,"4,541.57","816,769.18"
251,Col (repollo),Col (repollo) s/clasificar,Tonelada,Cielo abierto,Convencional,Nacional,199.8,199.8,0,"3,621.58",18.13,"5,412.40","19,601.45"
252,Col (repollo),Col (repollo) morada,Tonelada,Cielo abierto,Convencional,Nacional,68,68,0,"2,388.40",35.12,"6,166.51","14,728.09"
253,Col (repollo),Col (repollo) morada,Tonelada,Cielo abierto,Orgánico,Nacional,11,11,0,228.8,20.8,"6,850.00","1,567.28"
254,Col (repollo),Col (repollo) blanca,Tonelada,Invernadero,Convencional,Nacional,15,15,0,666,44.4,"4,450.00","2,963.70"
255,Col de bruselas,Col de bruselas,Tonelada,Cielo abierto,Convencional,Exportación,944.2,944.2,0,"18,635.44",19.74,"13,836.88","257,856.30"
256,Col de bruselas,Col de bruselas s/clasificar,Tonelada,Cielo abierto,Convencional,Nacional,"1,824.91","1,824.91",0,"32,300.42",17.7,"12,663.73","409,043.66"
257,Coliflor,Coliflor,Tonelada,Cielo abierto,Convencional,Exportación,131,131,0,"2,370.00",18.09,"13,172.15","31,218.00"
258,Coliflor,Coliflor s/clasificar,Tonelada,Cielo abierto,Convencional,Nacional,"3,957.27","3,955.27",2,"93,571.15",23.66,"6,074.19","568,369.25"
259,Colza,Colza s/clasificar,Tonelada,Cielo abierto,Convencional,Nacional,8,8,0,125.98,15.75,"5,345.24",673.39
260,Comino,Comino s/clasificar,Tonelada,Cielo abierto,Convencional,Nacional,3,3,0,3.9,1.3,"40,500.00",157.95
261,Copra,Copra s/clasificar,Tonelada,Cielo abierto,Convencional,Nacional,"127,587.45","124,901.70",0,"242,561.33",1.94,"8,667.55","2,102,411.45"
262,Copra,Copra,Tonelada,Cielo abierto,Orgánico,Nacional,590.2,570.2,0,"1,260.28",2.21,"13,620.68","17,165.87"
263,Coquia,Coquia s/clasificar,Tonelada,Cielo abierto,Convencional,Nacional,15,15,0,756.6,50.44,"2,690.00","2,035.25"
264,Crisantemo,Crisantemo s/clasificar,Gruesa,Cielo abierto,Convencional,Nacional,"2,672.71","2,672.71",0,"10,820,867.47","4,048.65",223.04,"2,413,516.28"
265,Crisantemo,Crisantemo,Gruesa,Invernadero,Convencional,Nacional,114.27,114.27,0,"537,824.40","4,706.61",228.67,"122,986.34"
266,Crisantemo,Crisantemo,Planta,Invernadero,Convencional,Nacional,6,6,0,"1,304,056.00","217,342.67",16.44,"21,437.25"
267,Cyclamen,Cyclamen,Planta,Invernadero,Convencional,Nacional,14.8,14.8,0,"2,334,017.70","157,703.90",29.32,"68,437.85"
268,Dalia,Dalia s/clasificar,Planta,Cielo abierto,Convencional,Nacional,3.45,3.45,0,"230,638.64","66,851.78",15.35,"3,540.15"
269,Dátil,Dátil,Tonelada,Cielo abierto,Convencional,Exportación,"1,355.76",957.63,0,"8,245.56",8.61,"69,916.56","576,501.20"
270,Dátil,Dátil s/clasificar,Tonelada,Cielo abierto,Convencional,Nacional,"1,822.40","1,489.90",0,"9,352.65",6.28,"62,435.99","583,941.99"
271,Dólar,Dólar s/clasificar,Manojo,Cielo abierto,Convencional,Nacional,59.5,59.5,0,"295,255.82","4,962.28",19.74,"5,829.81"
272,Durazno,Durazno escarcha,Tonelada,Cielo abierto,Convencional,Nacional,810,805,0,"4,705.32",5.85,"15,600.68","73,406.21"
273,Durazno,Durazno diamante,Tonelada,Cielo abierto,Convencional,Nacional,"10,953.89","10,644.60",0,"90,199.05",8.47,"10,125.27","913,289.38"
274,Durazno,Durazno s/clasificar,Tonelada,Cielo abierto,Convencional,Nacional,9,9,0,22.1,2.46,"11,375.11",251.39
275,Durazno,Durazno arkansas,Tonelada,Cielo abierto,Convencional,Nacional,10,9.5,0,62.24,6.55,"11,046.71",687.55
276,Durazno,Durazno criollo,Tonelada,Cielo abierto,Convencional,Nacional,"18,184.44","17,635.67",0,"123,926.83",7.03,"10,753.70","1,332,672.28"
277,Durazno,Durazno oro,Tonelada,Cielo abierto,Convencional,Nacional,"4,244.35","3,772.15",0,"46,311.90",12.28,"16,210.96","750,760.51"
278,Ebo (janamargo o veza),Ebo (janamargo o veza) forrajero,Tonelada,Cielo abierto,Convencional,Nacional,"5,044.14","5,044.14",0,"59,207.97",11.74,824.15,"48,796.54"
279,Ebo (janamargo o veza),Ebo (janamargo o veza) s/clasificar,Tonelada,Cielo abierto,Convencional,Nacional,23,23,0,87.4,3.8,696.11,60.84
280,Ebo (janamargo o veza) grano,Ebo (janamargo o veza) grano s/clasificar,Tonelada,Cielo abierto,Convencional,Nacional,176.5,176.5,0,653.79,3.7,744.71,486.89
281,Ejote,Ejote,Tonelada,Cielo abierto,Convencional,Exportación,"1,301.80","1,301.80",0,"16,699.65",12.83,"9,797.15","163,608.99"
282,Ejote,Ejote s/clasificar,Tonelada,Cielo abierto,Convencional,Nacional,"8,065.72","8,065.72",0,"83,398.69",10.34,"10,861.22","905,811.87"
283,Ejote,Ejote,Tonelada,Cielo abierto,Orgánico,Nacional,6.75,6.75,0,27.38,4.06,"18,658.87",510.88
284,Ejote,Ejote,Tonelada,Malla sombra,Convencional,Exportación,112,112,0,"1,187.20",10.6,"11,439.91","13,581.46"
285,Elote,Elote,Tonelada,Cielo abierto,Convencional,Exportación,56,56,0,673.12,12.02,"3,000.00","2,019.36"
286,Elote,Elote amarillo,Tonelada,Cielo abierto,Convencional,Exportación,"3,061.02","2,986.02",75,"27,295.03",9.14,"8,583.24","234,279.91"
287,Elote,Elote baby,Tonelada,Cielo abierto,Convencional,Nacional,274,274,0,"2,466.00",9,"5,500.00","13,563.00"
288,Elote,Elote amarillo,Tonelada,Cielo abierto,Convencional,Nacional,213,213,0,"2,934.32",13.78,"4,496.92","13,195.42"
289,Elote,Elote s/clasificar,Tonelada,Cielo abierto,Convencional,Nacional,"66,965.76","66,884.76",81,"1,036,328.51",15.49,"3,287.92","3,407,364.53"
290,Eneldo,Eneldo s/clasificar,Tonelada,Cielo abierto,Convencional,Nacional,6,6,0,48,8,"7,500.00",360
291,Eneldo,Eneldo,Tonelada,Cielo abierto,Orgánico,Nacional,0.3,0.3,0,0.47,1.57,"18,808.23",8.84
292,Epazote,Epazote s/clasificar,Tonelada,Cielo abierto,Convencional,Nacional,159.66,159.66,0,"2,048.93",12.83,"4,097.49","8,395.47"
293,Espárrago,Espárrago,Tonelada,Cielo abierto,Convencional,Exportación,"20,371.50","20,331.50",0,"200,218.51",9.85,"43,364.34","8,682,343.11"
294,Espárrago,Espárrago s/clasificar,Tonelada,Cielo abierto,Convencional,Nacional,"16,187.50","15,016.50",40,"126,875.34",8.45,"46,160.88","5,856,677.59"
295,Espárrago,Espárrago,Tonelada,Cielo abierto,Orgánico,Nacional,444,314,0,"2,961.80",9.43,"50,908.86","150,781.85"
296,Especias y medicinales,Especias y medicinales s/clasificar,Tonelada,Cielo abierto,Convencional,Nacional,5,5,0,27.5,5.5,"4,660.73",128.17
297,Especias y medicinales,Especias y medicinales,Tonelada,Invernadero,Convencional,Nacional,15,15,0,87,5.8,"7,404.71",644.21
298,Especias y medicinales,Especias y medicinales,Tonelada,Invernadero,Orgánico,Nacional,70,70,0,462,6.6,"5,600.00","2,587.20"
299,Espinaca,Espinaca,Tonelada,Cielo abierto,Convencional,Exportación,394,394,0,"5,119.20",12.99,"7,035.56","36,016.44"
300,Espinaca,Espinaca s/clasificar,Tonelada,Cielo abierto,Convencional,Nacional,"1,359.85","1,357.85",2,"19,576.18",14.42,"4,699.67","92,001.54"
301,Espinaca,Espinaca organica exportacion,Tonelada,Cielo abierto,Orgánico,Exportación,132,132,0,"1,650.00",12.5,"8,000.00","13,200.00"
302,Espinaca,Espinaca,Tonelada,Cielo abierto,Orgánico,Nacional,776,776,0,"10,025.00",12.92,"7,268.70","72,868.75"
303,Estropajo,Estropajo s/clasificar,Tonelada,Cielo abierto,Convencional,Nacional,309.95,309.95,0,270.98,0.87,"30,045.36","8,141.69"
304,Eucalipto,Eucalipto s/clasificar,Tonelada,Cielo abierto,Convencional,Nacional,35.5,35.5,0,142,4,"50,000.00","7,100.00"
305,Flor cera,Flor cera,Gruesa,Cielo abierto,Convencional,Nacional,35,35,0,"13,825.00",395,800,"11,060.00"
306,Flor cera,Flor cera s/clasificar,Tonelada,Cielo abierto,Convencional,Nacional,66.5,66.5,0,565.25,8.5,"17,500.00","9,891.88"
307,Flor perrito,Flor perrito s/clasificar,Tonelada,Cielo abierto,Convencional,Nacional,91.5,91.5,0,652.6,7.13,"2,703.50","1,764.31"
308,Flores,Flores s/clasificar,Tonelada,Cielo abierto,Convencional,Nacional,5.5,5.5,0,49.5,9,"24,000.00","1,188.00"
309,Frambuesa,Frambuesa,Tonelada,Cielo abierto,Convencional,Exportación,"1,634.30","1,634.30",0,"32,549.58",19.92,"101,262.61","3,296,055.51"
310,Frambuesa,Frambuesa s/clasificar,Tonelada,Cielo abierto,Convencional,Nacional,137.2,130.3,0,"1,924.82",14.77,"31,986.71","61,568.67"
311,Frambuesa,Frambuesa,Tonelada,Cielo abierto,Orgánico,Exportación,199,199,0,"3,383.00",17,"120,000.00","405,960.00"
312,Frambuesa,Frambuesa,Tonelada,Invernadero,Convencional,Nacional,154.55,154,0,"2,878.93",18.69,"38,341.39","110,382.19"
313,Frambuesa,Frambuesa,Tonelada,Invernadero,Orgánico,Nacional,1,1,0,17.38,17.38,"37,900.00",658.7
314,Frambuesa,Frambuesa,Tonelada,Macro túnel,Convencional,Exportación,"2,334.00","2,330.00",0,"51,889.10",22.27,"107,952.96","5,601,582.19"
315,Frambuesa,Frambuesa,Tonelada,Macro túnel,Convencional,Nacional,"5,027.59","5,027.59",0,"77,868.46",15.49,"39,841.41","3,102,388.85"
316,Frambuesa,Frambuesa,Tonelada,Macro túnel,Orgánico,Nacional,55,55,0,605,11,"35,282.86","21,346.13"
317,Frambuesa,Frambuesa,Tonelada,Malla sombra,Convencional,Exportación,89,89,0,756.5,8.5,"119,970.59","90,757.75"
318,Frambuesa,Frambuesa,Tonelada,Malla sombra,Convencional,Nacional,252.8,252.8,0,"3,665.62",14.5,"35,711.34","130,904.20"
319,Fresa,Fresa,Planta,Cielo abierto,Convencional,Nacional,75,75,0,"45,001,728.00","600,023.04",2.17,"97,438.92"
320,Fresa,Fresa,Tonelada,Cielo abierto,Convencional,Exportación,"2,707.00","2,707.00",0,"121,815.00",45,"39,673.61","4,832,840.80"
321,Fresa,Fresa s/clasificar,Tonelada,Cielo abierto,Convencional,Nacional,"4,961.45","4,950.45",0,"140,125.00",28.31,"20,219.40","2,833,243.71"
322,Fresa,Fresa,Tonelada,Cielo abierto,Orgánico,Exportación,67.4,67.4,0,"3,370.00",50,"58,000.00","195,460.00"
323,Fresa,Fresa,Tonelada,Cielo abierto,Orgánico,Nacional,95,95,0,"4,078.35",42.93,"24,955.15","101,775.84"
324,Fresa,Fresa,Tonelada,Invernadero,Convencional,Exportación,20,20,0,"1,200.00",60,"43,500.00","52,200.00"
325,Fresa,Fresa,Tonelada,Invernadero,Convencional,Nacional,346.75,344.65,0,"21,702.25",62.97,"19,874.16","431,313.93"
326,Fresa,Fresa,Tonelada,Macro túnel,Convencional,Exportación,"1,112.00","1,112.00",0,"58,633.90",52.73,"23,037.81","1,350,796.83"
327,Fresa,Fresa,Tonelada,Macro túnel,Convencional,Nacional,"6,268.36","6,203.36",0,"330,917.33",53.34,"21,163.85","7,003,485.20"
328,Fresa,Fresa,Tonelada,Macro túnel,Orgánico,Exportación,11,11,0,591,53.73,"23,451.43","13,859.79"
329,Fresa,Fresa,Tonelada,Malla sombra,Convencional,Exportación,40,40,0,"2,000.00",50,"40,651.25","81,302.50"
330,Fresa,Fresa,Tonelada,Malla sombra,Convencional,Nacional,307.5,307.5,0,"11,679.80",37.98,"25,879.67","302,269.36"
331,Frijol,Frijol negro querétaro,Tonelada,Cielo abierto,Convencional,Nacional,"8,287.00","7,417.00",870,"4,286.47",0.58,"17,349.45","74,367.89"
332,Frijol,Frijol ayocote,Tonelada,Cielo abierto,Convencional,Nacional,722,722,0,691.13,0.96,"14,917.25","10,309.76"
333,Frijol,Frijol garbancillo,Tonelada,Cielo abierto,Convencional,Nacional,32,32,0,41.12,1.29,"19,786.46",813.62
334,Frijol,Frijol negro veracruz,Tonelada,Cielo abierto,Convencional,Nacional,446,446,0,267.6,0.6,"16,422.73","4,394.72"
335,Frijol,Frijol bayo,Tonelada,Cielo abierto,Convencional,Nacional,"28,917.63","26,903.83","2,013.80","14,320.77",0.53,"19,610.83","280,842.26"
336,Frijol,Frijol pinto nacional,Tonelada,Cielo abierto,Convencional,Nacional,"18,523.04","13,516.19","5,006.85","12,890.90",0.95,"20,118.46","259,345.08"
337,Frijol,Frijol negro jamapa,Tonelada,Cielo abierto,Convencional,Nacional,"101,883.16","101,102.16",781,"82,845.05",0.82,"17,015.33","1,409,636.23"
338,Frijol,Frijol ojo de cabra,Tonelada,Cielo abierto,Convencional,Nacional,660,660,0,318,0.48,"25,000.00","7,950.00"
339,Frijol,Frijol cacahuate,Tonelada,Cielo abierto,Convencional,Nacional,150.83,150.83,0,167.81,1.11,"16,623.55","2,789.60"
340,Frijol,Frijol marcela,Tonelada,Cielo abierto,Convencional,Nacional,"28,753.97","26,640.37","2,113.60","21,430.51",0.8,"18,722.77","401,238.42"
341,Frijol,Frijol otros de color,Tonelada,Cielo abierto,Convencional,Nacional,"26,564.93","26,564.93",0,"18,190.78",0.68,"15,261.94","277,626.61"
342,Frijol,Frijol flor de junio,Tonelada,Cielo abierto,Convencional,Nacional,"47,637.41","44,752.81","2,884.60","35,603.55",0.8,"17,717.58","630,808.63"
343,Frijol,Frijol alubia,Tonelada,Cielo abierto,Convencional,Nacional,121.35,121.35,0,89.5,0.74,"14,695.23","1,315.22"
344,Frijol,Frijol flor de mayo,Tonelada,Cielo abierto,Convencional,Nacional,"58,918.00","56,157.00","2,761.00","44,337.91",0.79,"16,872.22","748,079.16"
345,Frijol,Frijol negro san luis,Tonelada,Cielo abierto,Convencional,Nacional,"286,161.84","272,256.44","13,905.40","159,707.15",0.59,"19,081.67","3,047,478.70"
346,Frijol,Frijol azufrado,Tonelada,Cielo abierto,Convencional,Nacional,"99,437.61","94,336.61","5,101.00","173,542.05",1.84,"23,266.34","4,037,688.87"
347,Frijol,Frijol peruano,Tonelada,Cielo abierto,Convencional,Nacional,"6,871.61","6,817.61",54,"9,931.64",1.46,"18,319.90","181,946.65"
348,Frijol,Frijol mayocoba,Tonelada,Cielo abierto,Convencional,Nacional,"12,236.52","12,022.52",214,"21,330.08",1.77,"21,309.81","454,540.04"
349,Frijol,Frijol negro zacatecas,Tonelada,Cielo abierto,Convencional,Nacional,"85,055.51","83,721.06","1,334.45","26,636.88",0.32,"18,438.89","491,154.62"
350,Frijol,Frijol bayo berrendo,Tonelada,Cielo abierto,Convencional,Nacional,993.5,963.5,30,901.24,0.94,"23,606.74","21,275.34"
351,Frijol,Frijol pinto americano,Tonelada,Cielo abierto,Convencional,Nacional,"13,428.50","13,174.50",254,"15,411.17",1.17,"19,917.06","306,945.27"
352,Frijol,Frijol otros claros,Tonelada,Cielo abierto,Convencional,Nacional,"27,412.81","23,910.81","3,502.00","18,054.69",0.76,"16,588.48","299,499.78"
353,Frijol,Frijol canario,Tonelada,Cielo abierto,Convencional,Nacional,"6,125.70","5,627.70",498,"5,994.93",1.07,"15,790.42","94,662.47"
354,Frijol,Frijol pinto saltillo,Tonelada,Cielo abierto,Convencional,Nacional,"501,287.86","405,169.27","96,118.59","233,614.49",0.58,"21,079.71","4,924,526.83"
355,Frijol,Frijol otros negros,Tonelada,Cielo abierto,Convencional,Nacional,"142,900.21","142,486.96",413.25,"95,787.35",0.67,"15,273.38","1,462,996.74"
356,Frijol forrajero,Frijol forrajero,Tonelada,Cielo abierto,Convencional,Nacional,"1,034.00","1,034.00",0,"7,031.20",6.8,"1,075.25","7,560.30"
357,Frijol x pelón,Frijol x pelón s/clasificar,Tonelada,Cielo abierto,Convencional,Nacional,367.4,367.4,0,998.4,2.72,"7,777.45","7,765.01"
358,Gai lan (kay laan),Gai lan (kay laan),Tonelada,Cielo abierto,Convencional,Exportación,20,20,0,288,14.4,"15,270.46","4,397.89"
359,Gai lan (kay laan),Gai lan (kay laan) s/clasificar,Tonelada,Cielo abierto,Convencional,Nacional,660,660,0,"8,751.20",13.26,"12,637.29","110,591.49"
360,Garbanzo forrajero,Garbanzo forrajero s/clasificar,Tonelada,Cielo abierto,Convencional,Nacional,"6,635.50","3,477.50","3,158.00","22,279.08",6.41,"3,723.90","82,964.99"
361,Garbanzo grano,Garbanzo grano blanco,Tonelada,Cielo abierto,Convencional,Exportación,"37,872.00","37,872.00",0,"90,005.33",2.38,"17,892.27","1,610,399.44"
362,Garbanzo grano,Garbanzo grano blanco,Tonelada,Cielo abierto,Convencional,Nacional,"88,567.82","88,455.82",112,"176,620.81",2,"16,203.79","2,861,927.36"
363,Garbanzo grano,Garbanzo grano s/clasificar,Tonelada,Cielo abierto,Convencional,Nacional,3,3,0,1.62,0.54,"5,100.00",8.26
364,Garbanzo porquero,Garbanzo porquero s/clasificar,Tonelada,Cielo abierto,Convencional,Nacional,517,517,0,730.91,1.41,"1,860.07","1,359.55"
365,Geranio,Geranio,Planta,Invernadero,Convencional,Nacional,42.7,42.7,0,"8,691,755.03","203,553.98",13.78,"119,803.56"
366,Gerbera,Gerbera,Gruesa,Invernadero,Convencional,Nacional,114,114,0,"1,414,657.34","12,409.27",314.04,"444,263.07"
367,Girasol,Girasol s/clasificar,Tonelada,Cielo abierto,Convencional,Nacional,"5,921.29","5,821.29",100,"5,344.10",0.92,"8,112.42","43,353.60"
368,Girasol flor,Girasol flor s/clasificar,Gruesa,Cielo abierto,Convencional,Exportación,193,193,0,"75,270.00",390,365,"27,473.55"
369,Girasol flor,Girasol flor s/clasificar,Gruesa,Cielo abierto,Convencional,Nacional,427.31,427.31,0,"193,213.42",452.16,310.76,"60,043.23"
370,Gladiola,Gladiola s/clasificar,Gruesa,Cielo abierto,Convencional,Nacional,"4,433.81","4,433.81",0,"5,559,758.63","1,253.95",294.04,"1,634,789.88"
371,Granada,Granada china,Tonelada,Cielo abierto,Convencional,Nacional,673.4,652.4,0,"3,689.96",5.66,"9,347.36","34,491.37"
372,Granada,Granada roja,Tonelada,Cielo abierto,Convencional,Nacional,817.1,617.95,0,"6,882.30",11.14,"15,577.55","107,209.41"
373,Guaje,Guaje s/clasificar,Tonelada,Cielo abierto,Convencional,Nacional,680.35,662.35,0,"8,708.21",13.15,"4,129.91","35,964.15"
374,Guamúchil,Guamúchil s/clasificar,Tonelada,Cielo abierto,Convencional,Nacional,3,3,0,10.5,3.5,"15,666.67",164.5
375,Guanábana,Guanábana s/clasificar,Tonelada,Cielo abierto,Convencional,Nacional,"3,256.49","3,130.99",0,"30,039.13",9.59,"9,991.78","300,144.33"
376,Guayaba,Guayaba media china,Tonelada,Cielo abierto,Convencional,Exportación,800,800,0,"12,696.00",15.87,"9,009.65","114,386.45"
377,Guayaba,Guayaba s/clasificar,Tonelada,Cielo abierto,Convencional,Nacional,5.5,5.5,0,43.01,7.82,"7,325.00",315.05
378,Guayaba,Guayaba criolla,Tonelada,Cielo abierto,Convencional,Nacional,"1,194.70","1,172.43",0,"8,530.48",7.28,"6,997.41","59,691.27"
379,Guayaba,Guayaba china,Tonelada,Cielo abierto,Convencional,Nacional,"1,359.00","1,307.00",0,"13,556.16",10.37,"9,089.77","123,222.40"
380,Guayaba,Guayaba media china,Tonelada,Cielo abierto,Convencional,Nacional,"17,788.09","17,549.09",0,"267,532.94",15.24,"7,448.10","1,992,612.56"
381,Haba grano,Haba grano s/clasificar,Tonelada,Cielo abierto,Convencional,Nacional,"16,406.66","16,406.66",0,"27,006.57",1.65,"11,951.34","322,764.65"
382,Haba verde,Haba verde s/clasificar,Tonelada,Cielo abierto,Convencional,Nacional,"8,341.99","8,341.59",0.4,"53,806.97",6.45,"5,925.12","318,812.57"
383,Helecho,Helecho s/clasificar,Manojo,Cielo abierto,Convencional,Nacional,67.5,67.5,0,"146,137.50","2,165.00",38.15,"5,575.15"
384,Helecho,Helecho,Planta,Invernadero,Convencional,Nacional,7,7,0,"123,323.06","17,617.58",30.12,"3,714.49"
385,Henequén,Henequén s/clasificar,Tonelada,Cielo abierto,Convencional,Nacional,"7,350.56","7,350.56",0,"6,735.13",0.92,"14,608.01","98,386.85"
386,Henequén,Henequén verde,Tonelada,Cielo abierto,Convencional,Nacional,702,0,0,0,0,0,0
387,Hierbabuena,Hierbabuena s/clasificar,Tonelada,Cielo abierto,Convencional,Nacional,33.5,30.5,0,462.42,15.16,"6,044.47","2,795.08"
388,Higo,Higo negro,Tonelada,Cielo abierto,Convencional,Exportación,166.7,166.7,0,919.6,5.52,"61,664.37","56,706.56"
389,Higo,Higo blanco,Tonelada,Cielo abierto,Convencional,Nacional,406.75,376,0,"1,813.60",4.82,"23,512.33","42,641.97"
390,Higo,Higo s/clasificar,Tonelada,Cielo abierto,Convencional,Nacional,10,5.5,0,11,2,"13,000.00",143
391,Higo,Higo negro,Tonelada,Cielo abierto,Convencional,Nacional,"1,524.42","1,285.05",0,"9,744.73",7.58,"24,169.79","235,528.07"
392,Higo,Higo blanco,Tonelada,Macro túnel,Convencional,Nacional,5,5,0,36.35,7.27,"36,463.00","1,325.43"
393,Higuerilla,Higuerilla s/clasificar,Tonelada,Cielo abierto,Convencional,Nacional,115,5,110,15,3,"8,500.00",127.5
394,Hoja de plátano (belillo),Hoja de plátano (belillo) s/clasificar,Tonelada,Cielo abierto,Convencional,Nacional,"2,376.40","2,376.40",0,"47,458.00",19.97,"1,782.27","84,583.08"
395,"Hongos, setas y champiñones",Hongos chanpiñones,Tonelada,Invernadero,Convencional,Exportación,1.5,1.5,0,477,318,"34,500.00","16,456.50"
396,"Hongos, setas y champiñones",Hongos chanpiñones,Tonelada,Invernadero,Convencional,Nacional,11.95,11.95,0,"4,553.83",381.07,"9,659.19","43,986.31"
397,"Hongos, setas y champiñones",Hongos setas,Tonelada,Invernadero,Convencional,Nacional,0.57,0.57,0,69.41,121.77,"22,455.15","1,558.61"
398,"Hongos, setas y champiñones",Hongos setas,Tonelada,Invernadero,Orgánico,Nacional,30.96,30.96,0,"3,120.66",100.8,"20,456.90","63,839.04"
399,Hortalizas,Hortalizas s/clasificar,Tonelada,Cielo abierto,Convencional,Nacional,184,184,0,"1,895.34",10.3,"4,593.03","8,705.35"
400,Hortensia,Hortensia,Planta,Invernadero,Convencional,Nacional,2.8,2.8,0,"937,440.00","334,800.00",37.1,"34,779.02"
401,Huauzontle,Huauzontle s/clasificar,Tonelada,Cielo abierto,Convencional,Nacional,679.44,679.44,0,"7,612.65",11.2,"4,764.37","36,269.51"
402,Hule hevea,Hule hevea s/clasificar,Tonelada,Cielo abierto,Convencional,Nacional,"29,595.90","28,068.90",0,"91,400.94",3.26,"10,985.41","1,004,076.60"
403,Inmortal,Inmortal s/clasificar,Manojo,Cielo abierto,Convencional,Nacional,9,9,0,"12,780.00","1,420.00",39,498.42
404,Jaca (jackfruit),Jaca (jackfruit) s/clasificar,Tonelada,Cielo abierto,Convencional,Nacional,"1,775.25","1,677.25",0,"30,919.95",18.43,"12,934.77","399,942.30"
405,Jamaica,Jamaica s/clasificar,Tonelada,Cielo abierto,Convencional,Nacional,"17,815.89","17,815.89",0,"8,559.03",0.48,"37,833.67","323,819.55"
406,Jamaica,Jamaica,Tonelada,Cielo abierto,Orgánico,Nacional,44.8,44.8,0,26.53,0.59,"46,736.01","1,239.91"
407,Jatropha,Jatropha s/clasificar,Tonelada,Cielo abierto,Convencional,Nacional,349,349,0,"1,069.92",3.07,"3,610.86","3,863.34"
408,Jengibre,Jengibre s/clasificar,Tonelada,Cielo abierto,Convencional,Nacional,243.3,243.3,0,"2,829.66",11.63,"20,153.40","57,027.26"
409,Jícama,Jícama s/clasificar,Tonelada,Cielo abierto,Convencional,Nacional,"6,169.47","6,169.47",0,"182,068.46",29.51,"5,698.11","1,037,446.01"
410,Kale,Kale,Tonelada,Cielo abierto,Convencional,Exportación,121,121,0,"1,833.15",15.15,"10,579.70","19,394.18"
411,Kale,Kale s/clasificar,Tonelada,Cielo abierto,Convencional,Nacional,15,15,0,285,19,"4,406.32","1,255.80"
412,Kohlrabi,Kohlrabi s/clasificar,Tonelada,Cielo abierto,Convencional,Nacional,20,20,0,300,15,"6,620.00","1,986.00"
413,Lechuga,Lechuga escarola,Tonelada,Cielo abierto,Convencional,Exportación,52,52,0,"1,080.04",20.77,"7,400.00","7,992.30"
414,Lechuga,Lechuga romana,Tonelada,Cielo abierto,Convencional,Exportación,316,316,0,"7,900.00",25,"5,857.32","46,272.84"
415,Lechuga,Lechuga s/clasificar,Tonelada,Cielo abierto,Convencional,Nacional,6.5,6.5,0,88.45,13.61,"5,409.57",478.48
416,Lechuga,Lechuga orejona,Tonelada,Cielo abierto,Convencional,Nacional,"2,336.95","2,336.95",0,"47,381.53",20.27,"5,111.51","242,191.24"
417,Lechuga,Lechuga escarola,Tonelada,Cielo abierto,Convencional,Nacional,618,612,6,"11,214.43",18.32,"7,383.17","82,798.03"
418,Lechuga,Lechuga romana,Tonelada,Cielo abierto,Convencional,Nacional,"17,423.34","17,417.34",6,"422,167.98",24.24,"5,415.72","2,286,345.07"
419,Lechuga,Lechuga baby leaf,Tonelada,Cielo abierto,Orgánico,Exportación,435,435,0,"6,316.20",14.52,"9,738.80","61,512.21"
420,Lechuga,Lechuga romana,Tonelada,Cielo abierto,Orgánico,Nacional,509,509,0,"10,783.50",21.19,"7,848.18","84,630.88"
421,Lechuga,Lechuga romana,Tonelada,Invernadero,Convencional,Nacional,37,37,0,"4,947.27",133.71,"6,371.44","31,521.24"
422,Lechuga,Lechuga romana,Tonelada,Invernadero,Orgánico,Nacional,25,25,0,552,22.08,"4,277.72","2,361.30"
423,Lenteja,Lenteja s/clasificar,Tonelada,Cielo abierto,Convencional,Nacional,"6,980.00","6,980.00",0,"8,114.44",1.16,"11,443.41","92,856.84"
424,Lilium (azucena),Lilium (azucena),Gruesa,Invernadero,Convencional,Nacional,248.49,248.49,0,"782,191.27","3,147.78",422.78,"330,698.07"
425,Lilium (azucena),Lilium (azucena),Planta,Invernadero,Convencional,Nacional,8.1,8.1,0,"1,244,467.13","153,637.92",18.5,"23,027.54"
426,Lima,Lima s/clasificar,Tonelada,Cielo abierto,Convencional,Nacional,843.82,799.82,8,"6,828.99",8.54,"7,281.27","49,723.75"
427,Limón,Limón persa,Tonelada,Cielo abierto,Convencional,Exportación,284,284,0,"3,448.50",12.14,"16,846.60","58,095.50"
428,Limón,Limón italiano,Tonelada,Cielo abierto,Convencional,Nacional,"9,887.40","8,523.40",0,"141,993.61",16.66,"9,358.27","1,328,814.90"
429,Limón,Limón agrio (mexicano),Tonelada,Cielo abierto,Convencional,Nacional,"104,406.59","98,160.95",0,"1,482,936.02",15.11,"11,010.21","16,327,437.75"
430,Limón,Limón persa,Tonelada,Cielo abierto,Convencional,Nacional,"113,689.95","106,832.98",0,"1,635,574.59",15.31,"6,919.53","11,317,409.34"
431,Limón,Limón agrio (mexicano),Tonelada,Cielo abierto,Orgánico,Nacional,113.5,113.5,0,"1,048.48",9.24,"12,660.76","13,274.55"
432,Limón,Limón italiano,Tonelada,Cielo abierto,Orgánico,Nacional,360.65,360.65,0,"7,516.73",20.84,"10,640.47","79,981.51"
433,Limón,Limón persa,Tonelada,Cielo abierto,Orgánico,Nacional,192.5,192,0,"2,774.04",14.45,"9,701.65","26,912.76"
434,Limón real,Limón real s/clasificar,Tonelada,Cielo abierto,Convencional,Nacional,665,392,0,"9,501.16",24.24,"8,004.63","76,053.28"
435,Limonium,Limonium s/clasificar,Manojo,Cielo abierto,Convencional,Nacional,10.1,10.1,0,"31,320.10","3,101.00",580.55,"18,182.88"
436,Linaza,Linaza s/clasificar,Tonelada,Cielo abierto,Convencional,Nacional,8,8,0,5.04,0.63,"8,430.00",42.49
437,Litchi,Litchi s/clasificar,Tonelada,Cielo abierto,Convencional,Nacional,"3,862.40","3,786.15",0,"29,988.81",7.92,"22,018.05","660,295.17"
438,Litchi,Litchi,Tonelada,Cielo abierto,Orgánico,Nacional,3,3,0,17.79,5.93,"28,539.12",507.71
439,Macadamia,Macadamia s/clasificar,Tonelada,Cielo abierto,Convencional,Nacional,"1,241.70","1,232.20",0,"2,323.49",1.89,"25,105.38","58,332.11"
440,Maguey,Maguey penca,Tonelada,Cielo abierto,Convencional,Nacional,358,237,0,"3,984.15",16.81,"7,225.35","28,786.87"
441,Maguey forrajero,Maguey forrajero s/clasificar,Tonelada,Cielo abierto,Convencional,Nacional,"1,216.00","1,216.00",0,"14,472.20",11.9,536.16,"7,759.46"
442,Maguey mixiotero,Maguey mixiotero s/clasificar,Tonelada,Cielo abierto,Convencional,Nacional,10,0,0,0,0,0,0
443,Maguey pulquero,Maguey pulquero aguamiel,Miles de lts.,Cielo abierto,Convencional,Nacional,"9,328.19","4,593.64",0,"183,388.29",39.92,"4,545.30","833,554.61"
444,Maíz forrajero en verde,Maíz forrajero en verde s/clasificar,Tonelada,Cielo abierto,Convencional,Nacional,"589,002.75","580,033.25","8,969.50","16,793,064.76",28.95,931.53,"15,643,275.35"
445,Maíz grano,Maíz grano blanco,Tonelada,Cielo abierto,Convencional,Nacional,"6,128,260.05","6,053,182.54","75,077.51","21,404,862.12",3.54,"5,652.64","120,994,015.19"
446,Maíz grano,Maíz grano pozolero,Tonelada,Cielo abierto,Convencional,Nacional,"8,075.80","8,075.80",0,"31,008.12",3.84,"6,344.90","196,743.45"
447,Maíz grano,Maíz grano amarillo,Tonelada,Cielo abierto,Convencional,Nacional,"489,274.63","478,140.63","11,134.00","2,836,804.20",5.93,"5,921.23","16,797,378.10"
448,Maíz grano,Maíz grano de color,Tonelada,Cielo abierto,Convencional,Nacional,"20,155.73","20,155.73",0,"42,013.05",2.08,"5,786.04","243,089.13"
449,Maíz grano,Maíz grano azul,Tonelada,Cielo abierto,Convencional,Nacional,"9,331.00","8,481.00",850,"11,820.75",1.39,"6,689.98","79,080.64"
450,Maíz palomero,Maíz palomero s/clasificar,Tonelada,Cielo abierto,Convencional,Nacional,9.5,9.5,0,31.92,3.36,"2,501.25",79.84
451,Malanga,Malanga s/clasificar,Tonelada,Cielo abierto,Convencional,Nacional,495,495,0,"39,530.00",79.86,"6,251.16","247,108.23"
452,Mamey,Mamey s/clasificar,Tonelada,Cielo abierto,Convencional,Nacional,"1,807.33","1,725.43",0,"29,532.23",17.12,"5,713.83","168,742.06"
453,Mandarina,Mandarina criolla,Tonelada,Cielo abierto,Convencional,Nacional,"2,517.12","2,487.80",0,"31,189.85",12.54,"6,602.26","205,923.56"
454,Mandarina,Mandarina murcot,Tonelada,Cielo abierto,Convencional,Nacional,"1,744.35","1,491.30",0,"23,200.10",15.56,"6,598.43","153,084.24"
455,Mandarina,Mandarina fairchild,Tonelada,Cielo abierto,Convencional,Nacional,170.5,163.5,0,"2,433.82",14.89,"4,135.68","10,065.50"
456,Mandarina,Mandarina dancy,Tonelada,Cielo abierto,Convencional,Nacional,"14,604.60","14,556.10",0,"195,911.81",13.46,"3,313.48","649,150.27"
457,Mandarina,Mandarina fremont,Tonelada,Cielo abierto,Convencional,Nacional,"3,965.50","3,902.50",0,"58,015.71",14.87,"4,561.92","264,663.27"
458,Mango,Mango kent,Tonelada,Cielo abierto,Convencional,Exportación,"6,630.00","5,390.00",0,"62,245.86",11.55,"7,857.95","489,124.81"
459,Mango,Mango keitt,Tonelada,Cielo abierto,Convencional,Exportación,100.6,97.1,0,"1,359.18",14,"8,295.83","11,275.53"
460,Mango,Mango obo,Tonelada,Cielo abierto,Convencional,Nacional,108,108,0,557.63,5.16,"3,714.71","2,071.43"
461,Mango,Mango keitt,Tonelada,Cielo abierto,Convencional,Nacional,"14,639.88","14,468.38",0,"207,727.12",14.36,"4,016.35","834,304.97"
462,Mango,Mango manila,Tonelada,Cielo abierto,Convencional,Nacional,"32,907.38","32,513.66",0,"355,944.35",10.95,"6,951.23","2,474,252.19"
463,Mango,Mango ataulfo,Tonelada,Cielo abierto,Convencional,Nacional,"64,669.00","62,256.05",0,"653,220.21",10.49,"6,651.34","4,344,790.18"
464,Mango,Mango oro,Tonelada,Cielo abierto,Convencional,Nacional,"4,152.00","4,152.00",0,"46,631.55",11.23,"4,584.37","213,776.07"
465,Mango,Mango tommy atkins,Tonelada,Cielo abierto,Convencional,Nacional,"25,624.16","24,863.53",0,"298,238.67",12,"6,221.56","1,855,509.59"
466,Mango,Mango haden,Tonelada,Cielo abierto,Convencional,Nacional,"21,787.22","21,294.41",0,"215,690.64",10.13,"6,562.41","1,415,450.83"
467,Mango,Mango diplomático,Tonelada,Cielo abierto,Convencional,Nacional,171.58,171.58,0,"1,997.12",11.64,"4,038.34","8,065.05"
468,Mango,Mango kent,Tonelada,Cielo abierto,Convencional,Nacional,"25,835.27","24,580.52",0,"297,425.64",12.1,"5,802.21","1,725,726.75"
469,Mango,Mango manililla,Tonelada,Cielo abierto,Convencional,Nacional,"4,910.60","4,900.60",0,"31,664.19",6.46,"4,852.21","153,641.37"
470,Mango,Mango criollo,Tonelada,Cielo abierto,Convencional,Nacional,"14,053.21","13,817.75",0,"136,501.84",9.88,"5,009.19","683,764.11"
471,Mango,Mango paraíso (petacón),Tonelada,Cielo abierto,Convencional,Nacional,496.05,494.5,0,"2,974.99",6.02,"5,511.97","16,398.05"
472,Mango,Mango ataulfo,Tonelada,Cielo abierto,Orgánico,Nacional,394.22,391.22,0,"3,211.40",8.21,"6,529.77","20,969.70"
473,Mango,Mango tommy atkins,Tonelada,Cielo abierto,Orgánico,Nacional,"1,140.50","1,130.50",0,"8,165.72",7.22,"8,282.12","67,629.46"
474,Mango,Mango kent,Tonelada,Cielo abierto,Orgánico,Nacional,682,674,0,"6,180.34",9.17,"7,572.09","46,798.07"
475,Mango,Mango keitt,Tonelada,Cielo abierto,Orgánico,Nacional,232,232,0,"3,386.37",14.6,"4,495.01","15,221.78"
476,Mango,Mango haden,Tonelada,Cielo abierto,Orgánico,Nacional,"2,431.25","2,421.25",0,"14,497.37",5.99,"8,613.21","124,868.90"
477,Mangostán,Mangostán s/clasificar,Tonelada,Cielo abierto,Convencional,Nacional,65,30,0,55,1.83,"69,375.80","3,815.67"
478,Mano de león,Mano de león s/clasificar,Manojo,Cielo abierto,Convencional,Nacional,40.5,40.5,0,"131,505.00","3,247.04",58.31,"7,668.38"
479,Mano de león,Mano de león s/clasificar,Tonelada,Cielo abierto,Convencional,Nacional,16.5,16.5,0,205.72,12.47,"9,900.84","2,036.80"
480,Manzana,Manzana rome beauty,Tonelada,Cielo abierto,Convencional,Nacional,662.3,652.3,0,"5,575.47",8.55,"10,621.68","59,220.86"
481,Manzana,Manzana starking delicious,Tonelada,Cielo abierto,Convencional,Nacional,9,9,0,82.6,9.18,"8,704.78",719.02
482,Manzana,Manzana red chief,Tonelada,Cielo abierto,Convencional,Nacional,"1,208.00","1,193.00",0,"27,161.50",22.77,"11,000.00","298,776.50"
483,Manzana,Manzana criolla,Tonelada,Cielo abierto,Convencional,Nacional,"6,782.93","6,328.27",0,"34,348.09",5.43,"7,493.23","257,378.30"
484,Manzana,Manzana gala,Tonelada,Cielo abierto,Convencional,Nacional,570.03,470.03,0,"4,929.08",10.49,"11,702.26","57,681.36"
485,Manzana,Manzana red delicious,Tonelada,Cielo abierto,Convencional,Nacional,"16,122.83","15,528.28",0,"236,159.19",15.21,"11,005.05","2,598,943.19"
486,Manzana,Manzana starking,Tonelada,Cielo abierto,Convencional,Nacional,803.1,798.1,0,"2,389.70",2.99,"7,131.66","17,042.54"
487,Manzana,Manzana top red,Tonelada,Cielo abierto,Convencional,Nacional,16.16,13.16,0,107.96,8.2,"12,333.14","1,331.49"
488,Manzana,Manzana anna,Tonelada,Cielo abierto,Convencional,Nacional,568,568,0,"2,019.20",3.55,"7,190.40","14,518.87"
489,Manzana,Manzana golden delicious,Tonelada,Cielo abierto,Convencional,Nacional,"25,835.96","24,500.80",0,"432,558.33",17.65,"11,173.62","4,833,242.44"
490,Manzana,Manzana golden delicious,Tonelada,Malla sombra,Convencional,Nacional,"3,997.00","3,967.00",0,"30,942.60",7.8,"11,700.00","362,028.42"
491,Manzana,Manzana red delicious,Tonelada,Malla sombra,Convencional,Nacional,460,460,0,"3,450.00",7.5,"11,700.00","40,365.00"
492,Manzanilla,Manzanilla s/clasificar,Tonelada,Cielo abierto,Convencional,Nacional,597,597,0,"2,175.20",3.64,"5,880.42","12,791.08"
493,Maracuyá,Maracuyá s/clasificar,Tonelada,Cielo abierto,Convencional,Nacional,566.5,566.5,0,"6,341.55",11.19,"9,615.78","60,978.93"
494,Marañón,Marañón s/clasificar,Tonelada,Cielo abierto,Convencional,Nacional,737.5,736.5,0,610.95,0.83,"9,073.90","5,543.70"
495,Marañón,Marañón,Tonelada,Cielo abierto,Orgánico,Nacional,80,80,0,40.8,0.51,"6,703.71",273.51
496,Margarita,Margarita s/clasificar,Manojo,Cielo abierto,Convencional,Nacional,36.56,36.56,0,"525,482.75","14,373.16",30.47,"16,011.76"
497,Margarita,Margarita s/clasificar,Tonelada,Cielo abierto,Convencional,Nacional,6.5,6.5,0,62.6,9.63,"10,000.00",626
498,Mejorana,Mejorana s/clasificar,Tonelada,Cielo abierto,Convencional,Nacional,23,23,0,55.64,2.42,"9,439.04",525.19
499,Mejorana,Mejorana,Tonelada,Cielo abierto,Orgánico,Nacional,3.2,3.2,0,10.36,3.24,"19,529.61",202.33
500,Melón,Melón cantaloupe,Tonelada,Cielo abierto,Convencional,Exportación,"1,010.00","1,010.00",0,"35,279.04",34.93,"7,239.69","255,409.48"
501,Melón,Melón valenciano (honey dew),Tonelada,Cielo abierto,Convencional,Exportación,654,654,0,"22,052.39",33.72,"8,466.12","186,698.21"
502,Melón,Melón cantaloupe,Tonelada,Cielo abierto,Convencional,Nacional,"15,655.72","15,655.72",0,"484,353.95",30.94,"6,692.62","3,241,595.69"
503,Melón,Melón valenciano (honey dew),Tonelada,Cielo abierto,Convencional,Nacional,"1,136.40","1,136.40",0,"36,491.65",32.11,"7,111.48","259,509.51"
504,Melón,Melón valenciano (honey dew),Tonelada,Cielo abierto,Orgánico,Exportación,31,31,0,829.87,26.77,"9,700.00","8,049.74"
505,Melón amargo,Melón amargo exportacion,Tonelada,Cielo abierto,Convencional,Exportación,76,76,0,"1,070.08",14.08,"5,900.00","6,313.47"
506,Melón amargo,Melón amargo s/clasificar,Tonelada,Cielo abierto,Convencional,Nacional,187,187,0,"5,989.28",32.03,"13,838.35","82,881.74"
507,Membrillo,Membrillo s/clasificar,Tonelada,Cielo abierto,Convencional,Nacional,342.5,327.5,0,"1,410.99",4.31,"12,650.33","17,849.49"
508,Menta,Menta s/clasificar,Tonelada,Cielo abierto,Convencional,Nacional,13.5,13.5,0,178.06,13.19,"13,153.71","2,342.15"
509,Menta,Menta,Tonelada,Cielo abierto,Orgánico,Nacional,3.4,3.4,0,13.33,3.92,"29,676.27",395.58
510,Menta,Menta,Tonelada,Malla sombra,Convencional,Exportación,2.5,2.5,0,23.75,9.5,"20,000.00",475
511,Moringa,Moringa s/clasificar,Tonelada,Cielo abierto,Convencional,Nacional,46.25,46.25,0,190.53,4.12,"7,832.79","1,492.38"
512,Nabo,Nabo s/clasificar,Tonelada,Cielo abierto,Convencional,Nacional,108,108,0,"1,895.56",17.55,"3,256.49","6,172.87"
513,Nabo forrajero,Nabo forrajero s/clasificar,Tonelada,Cielo abierto,Convencional,Nacional,399.2,399.2,0,"5,096.64",12.77,"1,111.83","5,666.57"
514,Nanche,Nanche s/clasificar,Tonelada,Cielo abierto,Convencional,Nacional,"2,035.57","1,927.80",0,"10,203.36",5.29,"7,604.82","77,594.74"
515,Napa,Napa s/clasificar,Tonelada,Cielo abierto,Convencional,Nacional,417.5,417.5,0,"9,850.17",23.59,"5,435.34","53,538.98"
516,Naranja,Naranja hamlin,Tonelada,Cielo abierto,Convencional,Nacional,"13,611.00","13,322.75",0,"151,876.68",11.4,"5,847.00","888,023.02"
517,Naranja,Naranja marrs,Tonelada,Cielo abierto,Convencional,Nacional,"1,502.80","1,490.45",0,"21,361.24",14.33,"4,657.33","99,486.26"
518,Naranja,Naranja criolla,Tonelada,Cielo abierto,Convencional,Nacional,"2,093.96","1,988.71",0,"14,571.50",7.33,"2,772.72","40,402.71"
519,Naranja,Naranja valencia,Tonelada,Cielo abierto,Convencional,Nacional,"333,806.05","322,132.28",0,"4,622,127.74",14.35,"4,013.46","18,550,725.47"
520,Naranja,Naranja agria (washington navel),Tonelada,Cielo abierto,Convencional,Nacional,"2,327.98","2,282.48",0,"26,114.99",11.44,"6,284.28","164,113.94"
521,Nardo,Nardo s/clasificar,Gruesa,Cielo abierto,Convencional,Nacional,352.24,352.24,0,"358,778.38","1,018.56",268.14,"96,201.91"
522,Níspero,Níspero s/clasificar,Tonelada,Cielo abierto,Convencional,Nacional,1,1,0,3.45,3.45,"2,684.22",9.26
523,Nochebuena,Nochebuena s/clasificar,Planta,Cielo abierto,Convencional,Nacional,64,64,0,"4,981,720.00","77,839.38",21.24,"105,823.43"
524,Nochebuena,Nochebuena,Planta,Invernadero,Convencional,Nacional,358.89,358.89,0,"24,533,019.95","68,358.05",41.54,"1,019,160.07"
525,Noni,Noni s/clasificar,Tonelada,Cielo abierto,Convencional,Nacional,26.8,26.8,0,145.71,5.44,"8,056.57","1,173.92"
526,Nopal forrajero,Nopal forrajero s/clasificar,Tonelada,Cielo abierto,Convencional,Nacional,"11,421.00","11,400.00",0,"109,852.00",9.64,580.6,"63,779.53"
527,Nopalitos,Nopalitos s/clasificar,Tonelada,Cielo abierto,Convencional,Nacional,"12,562.64","12,364.16",0,"841,518.39",68.06,"3,565.70","3,000,598.34"
528,Nopalitos,Nopalitos,Tonelada,Cielo abierto,Orgánico,Nacional,22.5,22.5,0,888.9,39.51,"5,018.09","4,460.58"
529,Nopalitos,Nopalitos,Tonelada,Invernadero,Convencional,Nacional,3.6,3.6,0,273.1,75.86,"4,696.34","1,282.57"
530,Nopalitos,Nopalitos,Tonelada,Macro túnel,Convencional,Nacional,15.3,15.3,0,"1,575.28",102.96,"4,568.57","7,196.78"
531,Nube,Nube s/clasificar,Manojo,Cielo abierto,Convencional,Nacional,222.2,222.2,0,"459,066.65","2,066.01",45.23,"20,765.35"
532,Nube,Nube s/clasificar,Tonelada,Cielo abierto,Convencional,Nacional,556.4,556.4,0,"4,854.52",8.72,"4,988.76","24,218.04"
533,Nuez,Nuez encarcelada (pecanera),Tonelada,Cielo abierto,Convencional,Exportación,"11,183.00","8,790.00",0,"15,204.48",1.73,"81,819.52","1,244,023.26"
534,Nuez,Nuez orgánico,Tonelada,Cielo abierto,Convencional,Nacional,"1,512.65","1,455.65",0,"1,082.13",0.74,"44,348.88","47,991.25"
535,Nuez,Nuez encarcelada (pecanera),Tonelada,Cielo abierto,Convencional,Nacional,"153,211.61","115,950.06",0,"151,679.91",1.31,"74,442.29","11,291,400.35"
536,Nuez,Nuez encarcelada (pecanera),Tonelada,Cielo abierto,Convencional,Nacional,"1,265.10",937.3,0,"1,848.73",1.97,"41,531.07","76,779.74"
537,Okra (angú o gombo),Okra (angú o gombo),Tonelada,Cielo abierto,Convencional,Exportación,"3,255.00","3,255.00",0,"29,689.90",9.12,"10,031.85","297,844.64"
538,Okra (angú o gombo),Okra (angú o gombo) s/clasificar,Tonelada,Cielo abierto,Convencional,Nacional,515.26,515.26,0,"5,630.21",10.93,"6,347.31","35,736.71"
539,Orégano,Orégano s/clasificar,Tonelada,Cielo abierto,Convencional,Nacional,43.72,42.61,0,61.12,1.43,"37,458.17","2,289.44"
540,Orégano,Orégano,Tonelada,Cielo abierto,Orgánico,Nacional,5,5,0,21.65,4.33,"25,542.32",552.99
541,Orquídea,Orquídea s/clasificar,Gruesa,Cielo abierto,Convencional,Nacional,44,44,0,"161,700.00","3,675.00",401.68,"64,951.66"
542,Orquídea,Orquídea,Planta,Invernadero,Convencional,Nacional,2.5,2.5,0,"80,620.00","32,248.00",38,"3,063.56"
543,Palma africana o de aceite,Palma africana o de aceite s/clasificar,Tonelada,Cielo abierto,Convencional,Nacional,"111,692.74","102,610.24",0,"1,463,244.27",14.26,"2,437.16","3,566,158.92"
544,Palma camedor,Palma camedor s/clasificar,Gruesa,Cielo abierto,Convencional,Nacional,"1,417.25","1,383.25",0,"1,510,722.06","1,092.15",32.24,"48,707.24"
545,Palma de ornato,Palma de ornato s/clasificar,Planta,Cielo abierto,Convencional,Nacional,12,7,0,"1,350.00",192.86,172.78,233.25
546,Palma de ornato,Palma de ornato s/clasificar,Tonelada,Cielo abierto,Convencional,Nacional,129,0,0,0,0,0,0
547,Palma taco,Palma taco s/clasificar,Tonelada,Cielo abierto,Convencional,Nacional,80,65,0,183.3,2.82,"4,315.00",790.94
548,Papa,Papa alpha (blanca),Tonelada,Cielo abierto,Convencional,Nacional,"62,785.55","62,427.55",358,"2,076,640.36",33.26,"9,472.97","19,671,949.88"
549,Papa,Papa criolla,Tonelada,Cielo abierto,Convencional,Nacional,"1,072.11","1,072.11",0,"8,085.21",7.54,"7,354.95","59,466.28"
550,Papa,Papa fianna (blanca),Tonelada,Cielo abierto,Convencional,Nacional,"1,418.03","1,418.03",0,"38,992.63",27.5,"13,508.40","526,728.16"
551,Pápalo,Pápalo s/clasificar,Tonelada,Cielo abierto,Convencional,Nacional,384.1,384.1,0,"5,254.46",13.68,"2,862.86","15,042.76"
552,Papaya,Papaya maradol,Tonelada,Cielo abierto,Convencional,Exportación,1,1,0,25,25,"6,000.00",150
553,Papaya,Papaya s/clasificar,Tonelada,Cielo abierto,Convencional,Nacional,4,4,0,95,23.75,"6,000.00",570
554,Papaya,Papaya roja,Tonelada,Cielo abierto,Convencional,Nacional,459.8,459.8,0,"10,122.70",22.02,"6,800.06","68,834.96"
555,Papaya,Papaya criolla,Tonelada,Cielo abierto,Convencional,Nacional,38.25,38.25,0,620.8,16.23,"6,976.96","4,331.30"
556,Papaya,Papaya maradol,Tonelada,Cielo abierto,Convencional,Nacional,"20,344.37","19,800.77",0,"1,128,572.32",57,"6,666.47","7,523,593.77"
557,Papaya,Papaya amarilla,Tonelada,Cielo abierto,Convencional,Nacional,48.5,48.5,0,609.5,12.57,"11,776.88","7,178.01"
558,Papaya,Papaya hawaiana,Tonelada,Cielo abierto,Convencional,Nacional,3,3,0,65.61,21.87,"7,736.10",507.57
559,Papaya,Papaya maradol,Tonelada,Cielo abierto,Orgánico,Exportación,26.25,26.25,0,"1,263.41",48.13,"10,323.75","13,043.13"
560,Papaya,Papaya maradol,Tonelada,Cielo abierto,Orgánico,Nacional,17.3,17.3,0,780.58,45.12,"9,232.51","7,206.71"
561,Papaya,Papaya maradol,Tonelada,Invernadero,Convencional,Nacional,12,12,0,699.6,58.3,"6,743.16","4,717.51"
562,Pasto tapete,Pasto tapete s/clasificar,Metro cuadrado,Cielo abierto,Convencional,Nacional,826.5,824.5,0,"6,328,660.26","7,675.76",30.54,"193,306.83"
563,Pastos y praderas,Pastos y praderas llanero,Tonelada,Cielo abierto,Convencional,Nacional,"965,880.11","965,877.11",0,"20,208,538.88",20.92,502.01,"10,144,898.87"
564,Pastos y praderas,Pastos y praderas rhodes,Tonelada,Cielo abierto,Convencional,Nacional,"42,464.72","42,464.72",0,"1,207,161.18",28.43,684.68,"826,520.42"
565,Pastos y praderas,Pastos y praderas s/clasificar,Tonelada,Cielo abierto,Convencional,Nacional,"31,467.55","31,467.55",0,"824,889.02",26.21,643.17,"530,545.70"
566,Pastos y praderas,Pastos y praderas guinea,Tonelada,Cielo abierto,Convencional,Nacional,"216,678.80","216,678.80",0,"3,093,391.65",14.28,606.32,"1,875,578.86"
567,Pastos y praderas,Pastos y praderas achicalado s/clasificar,Tonelada,Cielo abierto,Convencional,Nacional,484.48,484.48,0,"2,906.88",6,"2,000.00","5,813.76"
568,Pastos y praderas,Pastos y praderas bermuda,Tonelada,Cielo abierto,Convencional,Nacional,"210,560.95","210,535.95",0,"7,025,322.82",33.37,600.5,"4,218,705.60"
569,Pastos y praderas,Pastos y praderas estrella,Tonelada,Cielo abierto,Convencional,Nacional,"668,514.76","668,487.76",0,"17,284,842.62",25.86,920.95,"15,918,420.36"
570,Pastos y praderas,Pastos y praderas ever green,Tonelada,Cielo abierto,Convencional,Nacional,"6,390.74","6,385.74",0,"115,367.98",18.07,"1,255.15","144,803.76"
571,Pastos y praderas,Pastos y praderas maravilla,Tonelada,Cielo abierto,Convencional,Nacional,98.5,98.5,0,"2,141.93",21.75,980,"2,099.09"
572,Pastos y praderas,Pastos y praderas olleto,Tonelada,Cielo abierto,Convencional,Nacional,406.6,406.6,0,"32,173.89",79.13,828.43,"26,653.77"
573,Pastos y praderas,Pastos y praderas taiwán,Tonelada,Cielo abierto,Convencional,Nacional,"25,437.38","25,437.38",0,"553,974.00",21.78,906.49,"502,172.53"
574,Pastos y praderas,Pastos y praderas ballico,Tonelada,Cielo abierto,Convencional,Nacional,"3,410.13","3,410.13",0,"91,152.69",26.73,672.04,"61,258.07"
575,Pastos y praderas,Pastos y praderas rye grass,Tonelada,Cielo abierto,Convencional,Nacional,"75,830.75","75,830.35",0,"2,695,605.79",35.55,709.89,"1,913,590.15"
576,Pastos y praderas,Pastos y praderas buffel,Tonelada,Cielo abierto,Convencional,Nacional,"325,846.16","325,821.16",0,"3,956,828.49",12.14,528.51,"2,091,241.24"
577,Pastos y praderas,Pastos y praderas sudan,Tonelada,Cielo abierto,Convencional,Nacional,"4,407.15","3,757.15",650,"131,236.46",34.93,677.17,"88,868.86"
578,Pastos y praderas,Pastos y praderas maralfalfa,Tonelada,Cielo abierto,Convencional,Nacional,504.68,504.68,0,"20,306.09",40.24,"1,002.87","20,364.41"
579,Pensamiento,Pensamiento,Planta,Invernadero,Convencional,Nacional,9.5,9.5,0,"1,740,087.87","183,167.14",9.15,"15,926.61"
580,Pepino,Pepino americano chino,Tonelada,Cielo abierto,Convencional,Exportación,112,112,0,"8,035.18",71.74,"8,163.92","65,598.56"
581,Pepino,Pepino europeo,Tonelada,Cielo abierto,Convencional,Exportación,200,200,0,"13,119.75",65.6,"7,749.99","101,677.88"
582,Pepino,Pepino pickle,Tonelada,Cielo abierto,Convencional,Exportación,107.5,107.5,0,"7,630.00",70.98,"8,863.98","67,632.16"
583,Pepino,Pepino americano chino,Tonelada,Cielo abierto,Convencional,Nacional,"8,171.29","8,171.29",0,"306,604.95",37.52,"6,728.62","2,063,028.78"
584,Pepino,Pepino blanco,Tonelada,Cielo abierto,Convencional,Nacional,859.9,859.9,0,"24,577.14",28.58,"6,697.07","164,594.73"
585,Pepino,Pepino s/clasificar,Tonelada,Cielo abierto,Convencional,Nacional,2,2,0,26.12,13.06,"6,500.00",169.78
586,Pepino,Pepino pickle,Tonelada,Cielo abierto,Convencional,Nacional,"2,773.60","2,773.60",0,"113,056.07",40.76,"7,455.32","842,869.07"
587,Pepino,Pepino europeo,Tonelada,Cielo abierto,Convencional,Nacional,10,10,0,"1,030.00",103,"6,400.00","6,592.00"
588,Pepino,Pepino pickle,Tonelada,Cielo abierto,Orgánico,Nacional,66,66,0,"2,442.80",37.01,"13,432.65","32,813.29"
589,Pepino,Pepino persa,Tonelada,Invernadero,Convencional,Exportación,151.88,151.88,0,"13,153.32",86.6,"14,157.51","186,218.31"
590,Pepino,Pepino europeo,Tonelada,Invernadero,Convencional,Exportación,8,8,0,"1,340.00",167.5,"8,950.00","11,993.00"
591,Pepino,Pepino pickle,Tonelada,Invernadero,Convencional,Nacional,195.7,195.7,0,"27,080.33",138.38,"8,040.84","217,748.49"
592,Pepino,Pepino blanco,Tonelada,Invernadero,Convencional,Nacional,20,20,0,"2,616.00",130.8,"10,145.80","26,541.40"
593,Pepino,Pepino europeo,Tonelada,Invernadero,Convencional,Nacional,359.5,359.5,0,"54,904.82",152.73,"8,225.64","451,627.17"
594,Pepino,Pepino persa,Tonelada,Invernadero,Convencional,Nacional,1.97,1.97,0,188.59,95.73,"7,192.36","1,356.41"
595,Pepino,Pepino,Tonelada,Invernadero,Convencional,Nacional,3,3,0,225,75,"11,100.00","2,497.50"
596,Pepino,Pepino americano chino,Tonelada,Invernadero,Convencional,Nacional,481.56,481.56,0,"96,239.04",199.85,"8,169.40","786,215.66"
597,Pepino,Pepino americano chino,Tonelada,Invernadero,Orgánico,Nacional,15,15,0,"1,773.00",118.2,"9,290.00","16,471.17"
598,Pepino,Pepino inglés,Tonelada,Invernadero,Orgánico,Nacional,25,25,0,"2,456.58",98.26,"8,734.73","21,457.56"
599,Pepino,Pepino americano chino,Tonelada,Macro túnel,Convencional,Nacional,21.5,21.5,0,"1,256.96",58.46,"8,277.29","10,404.22"
600,Pepino,Pepino europeo,Tonelada,Malla sombra,Convencional,Exportación,372.94,372.94,0,"44,053.21",118.12,"11,832.65","521,266.43"
601,Pepino,Pepino americano chino,Tonelada,Malla sombra,Convencional,Exportación,474,474,0,"52,753.13",111.29,"8,337.24","439,815.30"
602,Pepino,Pepino persa,Tonelada,Malla sombra,Convencional,Exportación,69,69,0,"7,070.00",102.46,"10,474.41","74,054.11"
603,Pepino,Pepino pickle,Tonelada,Malla sombra,Convencional,Exportación,184,184,0,"21,659.80",117.72,"8,839.66","191,465.25"
604,Pepino,Pepino,Tonelada,Malla sombra,Convencional,Nacional,77,77,0,"8,100.00",105.19,"7,228.94","58,554.43"
605,Pepino,Pepino americano chino,Tonelada,Malla sombra,Convencional,Nacional,848.2,776.2,72,"91,444.50",117.81,"9,559.61","874,173.44"
606,Pepino,Pepino persa,Tonelada,Malla sombra,Convencional,Nacional,73.5,73.5,0,"8,270.81",112.53,"7,398.90","61,194.89"
607,Pepino,Pepino pickle,Tonelada,Malla sombra,Convencional,Nacional,347.5,347.5,0,"36,304.15",104.47,"8,896.01","322,961.92"
608,Pepino,Pepino europeo,Tonelada,Malla sombra,Convencional,Nacional,81,81,0,"9,756.55",120.45,"6,639.71","64,780.63"
609,Pepino,Pepino americano,Tonelada,Malla sombra,Orgánico,Exportación,15,15,0,"1,870.05",124.67,"11,200.00","20,944.56"
610,Pera,Pera s/clasificar,Tonelada,Cielo abierto,Convencional,Nacional,"3,544.38","3,471.94",0,"25,874.61",7.45,"6,445.08","166,763.96"
611,Perejil,Perejil,Tonelada,Cielo abierto,Convencional,Exportación,120,120,0,"1,940.00",16.17,"10,845.36","21,040.00"
612,Perejil,Perejil s/clasificar,Tonelada,Cielo abierto,Convencional,Nacional,169.4,169.4,0,"2,348.97",13.87,"6,203.65","14,572.20"
613,Perón,Perón s/clasificar,Tonelada,Cielo abierto,Convencional,Nacional,160.5,159,0,"1,664.63",10.47,"10,348.23","17,225.97"
614,Persimonio,Persimonio s/clasificar,Tonelada,Cielo abierto,Convencional,Nacional,31.5,9.5,0,95,10,"20,000.00","1,900.00"
615,Petunia,Petunia,Planta,Invernadero,Convencional,Nacional,15.1,15.1,0,"2,385,427.50","157,975.33",11.85,"28,264.13"
616,Pimienta,Pimienta verde,Tonelada,Cielo abierto,Convencional,Nacional,"3,189.00","3,149.00",0,"9,050.68",2.87,"15,689.81","142,003.47"
617,Pimienta,Pimienta s/clasificar,Tonelada,Cielo abierto,Convencional,Nacional,57.5,57.5,0,93.97,1.63,"15,298.13","1,437.57"
618,Piña,Piña md2 hibrido,Tonelada,Cielo abierto,Convencional,Nacional,"14,751.65","9,144.30",0,"485,686.30",53.11,"5,758.03","2,796,594.09"
619,Piña,Piña criolla,Tonelada,Cielo abierto,Convencional,Nacional,"1,412.45","1,395.50",0,"19,869.01",14.24,"5,070.44","100,744.66"
620,Piña,Piña cayena lisa,Tonelada,Cielo abierto,Convencional,Nacional,"30,977.14","15,485.54",1,"787,089.38",50.83,"5,446.57","4,286,938.24"
621,Piñón,Piñón s/clasificar,Tonelada,Cielo abierto,Convencional,Nacional,"1,660.00","1,533.00",0,"1,952.44",1.27,"111,843.25","218,367.23"
622,Pipicha,Pipicha s/clasificar,Tonelada,Cielo abierto,Convencional,Nacional,54,54,0,136.99,2.54,"2,901.86",397.53
623,Pistache,Pistache s/clasificar,Tonelada,Cielo abierto,Convencional,Nacional,138.5,110,0,44.82,0.41,"108,858.77","4,879.05"
624,Pitahaya,Pitahaya s/clasificar,Tonelada,Cielo abierto,Convencional,Nacional,"2,537.78","2,128.78",0,"11,829.18",5.56,"20,998.12","248,390.54"
625,Pitaya,Pitaya criolla,Tonelada,Cielo abierto,Convencional,Nacional,"1,217.70","1,112.20",0,"2,403.49",2.16,"18,078.91","43,452.48"
626,Pitaya,Pitaya s/clasificar,Tonelada,Cielo abierto,Convencional,Nacional,146.5,131.5,0,538.01,4.09,"11,265.06","6,060.71"
627,Pitaya,Pitaya de mayo,Tonelada,Cielo abierto,Convencional,Nacional,282.49,204.02,0,"1,829.80",8.97,"24,919.15","45,597.07"
628,Plantas de ornato,Plantas de ornato s/clasificar,Planta,Cielo abierto,Convencional,Nacional,804.1,679.7,0,"1,523,097.98","2,240.84",122.77,"186,993.80"
629,Plantero de tabaco,Plantero de tabaco s/clasificar,Planta,Cielo abierto,Convencional,Nacional,23.5,23.5,0,"108,439,985.00","4,614,467.45",0.37,"40,578.49"
630,Plátano,Plátano pera,Tonelada,Cielo abierto,Convencional,Nacional,"1,253.75","1,253.75",0,"19,902.46",15.87,"4,804.89","95,629.16"
631,Plátano,Plátano valery,Tonelada,Cielo abierto,Convencional,Nacional,"2,867.48","2,826.48",0,"83,195.57",29.43,"5,386.88","448,164.45"
632,Plátano,Plátano dominico,Tonelada,Cielo abierto,Convencional,Nacional,"8,442.70","8,407.70",0,"151,794.66",18.05,"5,257.99","798,134.22"
633,Plátano,Plátano macho,Tonelada,Cielo abierto,Convencional,Nacional,"20,455.07","20,259.57",0,"399,112.85",19.7,"4,422.76","1,765,178.41"
634,Plátano,Plátano thai,Tonelada,Cielo abierto,Convencional,Nacional,347,315,0,"4,829.04",15.33,"9,264.78","44,739.97"
635,Plátano,Plátano morado,Tonelada,Cielo abierto,Convencional,Nacional,"1,060.80","1,036.30",0,"17,065.06",16.47,"5,218.34","89,051.37"
636,Plátano,Plátano tabasco,Tonelada,Cielo abierto,Convencional,Nacional,"3,464.69","3,414.83",0,"66,102.92",19.36,"4,884.78","322,898.06"
637,Plátano,Plátano criollo,Tonelada,Cielo abierto,Convencional,Nacional,"5,531.68","5,466.85",0,"98,141.34",17.95,"3,549.36","348,339.17"
638,Plátano,Plátano enano gigante,Tonelada,Cielo abierto,Convencional,Nacional,"37,106.71","36,704.71",0,"1,633,343.03",44.5,"4,034.65","6,589,960.94"
639,Plátano,Plátano manzano,Tonelada,Cielo abierto,Convencional,Nacional,"2,073.04","2,047.54",0,"32,554.20",15.9,"6,155.27","200,379.91"
640,Plátano,Plátano enano gigante,Tonelada,Cielo abierto,Orgánico,Nacional,"4,791.00","4,791.00",0,"164,249.76",34.28,"6,208.07","1,019,674.22"
641,Polar,Polar s/clasificar,Gruesa,Cielo abierto,Convencional,Nacional,86,86,0,"253,809.50","2,951.27",129.7,"32,917.94"
642,Polar,Polar s/clasificar,Tonelada,Cielo abierto,Convencional,Nacional,39,39,0,314.02,8.05,"4,755.10","1,493.20"
643,Pon-pon,Pon-pon s/clasificar,Gruesa,Cielo abierto,Convencional,Nacional,3,3,0,"4,596.00","1,532.00",138.88,638.29
644,Poro (leek),Poro (leek),Tonelada,Cielo abierto,Convencional,Exportación,263,263,0,"4,555.34",17.32,"11,011.42","50,160.78"
645,Poro (leek),Poro (leek) s/clasificar,Tonelada,Cielo abierto,Convencional,Nacional,205.9,205.9,0,"3,184.48",15.47,"7,307.73","23,271.31"
646,Rábano,Rábano,Tonelada,Cielo abierto,Convencional,Exportación,25,25,0,600,24,"5,800.00","3,480.00"
647,Rábano,Rábano s/clasificar,Tonelada,Cielo abierto,Convencional,Nacional,353.05,353.05,0,"7,923.49",22.44,"7,736.37","61,299.04"
648,Rábano,Rabanito,Tonelada,Cielo abierto,Convencional,Nacional,"1,589.02","1,589.02",0,"33,100.92",20.83,"3,957.71","131,003.79"
649,Rábano,Rabanito,Tonelada,Cielo abierto,Orgánico,Nacional,11.5,11.5,0,83.3,7.24,"8,500.00",708.05
650,Rambután,Rambután s/clasificar,Tonelada,Cielo abierto,Convencional,Nacional,883.9,883.9,0,"9,629.83",10.89,"13,358.12","128,636.44"
651,Rambután,Rambután,Tonelada,Cielo abierto,Orgánico,Nacional,13,13,0,143.91,11.07,"13,378.40","1,925.29"
652,Romerito,Romerito s/clasificar,Tonelada,Cielo abierto,Convencional,Nacional,403,402.6,0.4,"3,658.72",9.09,"5,759.70","21,073.13"
653,Romero,Romero s/clasificar,Tonelada,Cielo abierto,Convencional,Nacional,6,6,0,6.9,1.15,"12,591.30",86.88
654,Romero,Romero,Tonelada,Cielo abierto,Orgánico,Nacional,29.65,29.65,0,193.47,6.53,"8,653.61","1,674.21"
655,Rosa,Rosa s/clasificar,Gruesa,Cielo abierto,Convencional,Nacional,567.51,560.5,0,"1,262,388.43","2,252.25",259.98,"328,195.92"
656,Rosa,Rosa,Gruesa,Invernadero,Convencional,Nacional,"1,172.01","1,168.51",0,"8,896,390.25","7,613.45",258.49,"2,299,606.62"
657,Rosa,Rosa s/clasificar,Planta,Cielo abierto,Convencional,Nacional,13.5,13.5,0,"997,854.96","73,915.18",17.04,"17,006.37"
658,Rosa,Rosa,Planta,Invernadero,Convencional,Nacional,10.1,10.1,0,"2,181,600.00","216,000.00",17.45,"38,067.87"
659,Rosa,Rosa s/clasificar,Tonelada,Cielo abierto,Convencional,Nacional,5,5,0,"8,047.70","1,609.54",435.1,"3,501.55"
660,Sábila,Sábila s/clasificar,Tonelada,Cielo abierto,Convencional,Nacional,"4,889.91","4,667.43",0,"226,154.08",48.45,"2,006.96","453,883.19"
661,Sábila,Sábila,Tonelada,Cielo abierto,Orgánico,Nacional,15,15,0,978.96,65.26,"3,243.11","3,174.88"
662,Salvia,Salvia s/clasificar,Tonelada,Cielo abierto,Convencional,Nacional,10,10,0,32,3.2,"15,349.38",491.18
663,Salvia,Salvia,Tonelada,Cielo abierto,Orgánico,Nacional,3.7,3.7,0,15.02,4.06,"26,280.00",394.73
664,Sandía,Sandía cambray (sangría),Tonelada,Cielo abierto,Convencional,Exportación,"4,540.00","4,540.00",0,"238,157.17",52.46,"5,591.41","1,331,633.85"
665,Sandía,Sandía charleston (gray),Tonelada,Cielo abierto,Convencional,Nacional,"11,555.07","11,059.07",496,"343,291.26",31.04,"4,467.06","1,533,502.10"
666,Sandía,Sandía cambray (sangría),Tonelada,Cielo abierto,Convencional,Nacional,"17,351.99","17,345.99",6,"514,977.38",29.69,"4,798.90","2,471,326.25"
667,Sandía,Sandía verde (jubilie),Tonelada,Cielo abierto,Convencional,Nacional,"5,562.23","5,562.23",0,"168,337.64",30.26,"5,061.50","852,041.27"
668,Sandía,Sandía cambray (sangría),Tonelada,Cielo abierto,Orgánico,Exportación,116,116,0,"4,999.70",43.1,"6,648.00","33,237.98"
669,Saramuyo,Saramuyo s/clasificar,Tonelada,Cielo abierto,Convencional,Nacional,73,73,0,687,9.41,"9,092.05","6,246.24"
670,Semilla de avena grano,Semilla de avena grano s/clasificar,Tonelada,Cielo abierto,Convencional,Nacional,331,331,0,610.06,1.84,"7,021.77","4,283.70"
671,Semilla de caña de azúcar,Semilla de caña de azúcar s/clasificar,Tonelada,Cielo abierto,Convencional,Nacional,"10,176.18","10,079.28",0,"1,024,522.90",101.65,816.09,"836,106.44"
672,Semilla de cebada grano,Semilla de cebada grano s/clasificar,Tonelada,Cielo abierto,Convencional,Nacional,800,800,0,"4,359.30",5.45,"7,047.69","30,722.99"
673,Semilla de frijol,Semilla de frijol negro jamapa,Tonelada,Cielo abierto,Convencional,Nacional,217.15,217.15,0,286.47,1.32,"19,104.71","5,472.93"
674,Semilla de frijol,Semilla de frijol pinto saltillo,Tonelada,Cielo abierto,Convencional,Nacional,54.15,54.15,0,90.43,1.67,"29,000.00","2,622.47"
675,Semilla de frijol,Semilla de frijol azufrado,Tonelada,Cielo abierto,Convencional,Nacional,14,14,0,28,2,"27,000.00",756
676,Semilla de garbanzo grano,Semilla de garbanzo grano blanco,Tonelada,Cielo abierto,Convencional,Nacional,22,22,0,42.24,1.92,"19,774.82",835.29
677,Semilla de garbanzo porquero,Semilla de garbanzo porquero s/clasificar,Tonelada,Cielo abierto,Convencional,Nacional,10,10,0,16.4,1.64,"16,455.00",269.86
678,Semilla de haba,Semilla de haba s/clasificar,Tonelada,Cielo abierto,Convencional,Nacional,2,2,0,2.8,1.4,"44,925.23",125.79
679,Semilla de jícama,Semilla de jícama s/clasificar,Tonelada,Cielo abierto,Convencional,Nacional,11.45,11.45,0,13.09,1.14,"342,629.11","4,485.02"
680,Semilla de maíz grano,Semilla de maíz grano amarillo,Tonelada,Cielo abierto,Convencional,Nacional,40,40,0,123.41,3.09,"12,999.55","1,604.27"
681,Semilla de maíz grano,Semilla de maíz grano blanco,Tonelada,Cielo abierto,Convencional,Nacional,"9,793.81","9,793.81",0,"52,941.82",5.41,"12,630.62","668,687.93"
682,Semilla de papa,Semilla de papa s/clasificar,Tonelada,Cielo abierto,Convencional,Nacional,3.1,3.1,0,59.35,19.15,"26,565.05","1,576.64"
683,Semilla de papa,Semilla de papa alpha (blanca),Tonelada,Cielo abierto,Convencional,Nacional,210.37,210.37,0,"7,209.25",34.27,"18,964.44","136,719.38"
684,Semilla de sorgo grano,Semilla de sorgo grano s/clasificar,Tonelada,Cielo abierto,Convencional,Nacional,"4,966.91","4,966.91",0,"14,408.98",2.9,"4,269.40","61,517.73"
685,Semilla de soya,Semilla de soya s/clasificar,Tonelada,Cielo abierto,Convencional,Nacional,190,190,0,400.9,2.11,"22,673.25","9,089.71"
686,Semilla de trigo grano,Semilla de trigo grano suave,Tonelada,Cielo abierto,Convencional,Nacional,"1,048.00","1,048.00",0,"4,969.20",4.74,"7,708.77","38,306.42"
687,Semilla de trigo grano,Semilla de trigo grano cristalino,Tonelada,Cielo abierto,Convencional,Nacional,58,58,0,387.7,6.68,"9,313.29","3,610.76"
688,Semilla de trigo grano,Semilla de trigo grano fuerte,Tonelada,Cielo abierto,Convencional,Nacional,300,300,0,"1,752.00",5.84,"7,192.35","12,601.00"
689,Semilla de triticale grano,Semilla de triticale grano s/clasificar,Tonelada,Cielo abierto,Convencional,Nacional,229,229,0,811.5,3.54,"12,777.63","10,369.05"
690,Semilla de zacate,Semilla de pastos y praderas bermuda,Tonelada,Cielo abierto,Convencional,Nacional,400,400,0,644,1.61,"50,000.00","32,200.00"
691,Shangai-bock-choy,Shangai-bock-choy s/clasificar,Tonelada,Cielo abierto,Convencional,Nacional,19,19,0,180.6,9.51,"5,919.53","1,069.07"
692,Shop suey,Shop suey s/clasificar,Tonelada,Cielo abierto,Convencional,Nacional,371.4,371.4,0,223.41,0.6,"20,610.36","4,604.56"
693,Solidago,Solidago s/clasificar,Manojo,Cielo abierto,Convencional,Nacional,1,1,0,"4,933.55","4,933.55",350.5,"1,729.21"
694,Solidago,Solidago,Manojo,Macro túnel,Convencional,Nacional,38.68,38.68,0,"1,350,899.00","34,925.00",34.13,"46,106.68"
695,Sorgo escobero,Sorgo escobero s/clasificar,Tonelada,Cielo abierto,Convencional,Nacional,905.22,905.22,0,"2,837.55",3.13,"6,891.39","19,554.66"
696,Sorgo escobero,Sorgo escobero verde,Tonelada,Cielo abierto,Convencional,Nacional,123,123,0,301.06,2.45,"1,252.40",377.05
697,Sorgo forrajero en verde,Sorgo forrajero en verde s/clasificar,Tonelada,Cielo abierto,Convencional,Nacional,"118,380.03","109,408.08","8,971.95","2,857,986.80",26.12,915.09,"2,615,303.03"
698,Sorgo forrajero en verde,Sorgo forrajero seco s/clasificar,Tonelada,Cielo abierto,Convencional,Nacional,135,135,0,"3,140.00",23.26,780.57,"2,451.00"
699,Sorgo forrajero en verde,Sorgo forrajero achicalado s/clasificar,Tonelada,Cielo abierto,Convencional,Nacional,575,575,0,"9,154.00",15.92,"1,300.00","11,900.20"
700,Sorgo grano,Sorgo grano s/clasificar,Tonelada,Cielo abierto,Convencional,Nacional,"1,302,951.24","1,286,634.54","16,316.70","4,525,312.34",3.52,"4,250.20","19,233,504.05"
701,Sorgo grano,Sorgo grano blanco,Tonelada,Cielo abierto,Convencional,Nacional,260,10,250,10,1,"8,140.00",81.4
702,Soya,Soya s/clasificar,Tonelada,Cielo abierto,Convencional,Nacional,"125,126.74","125,124.74",2,"265,332.91",2.12,"8,068.26","2,140,774.63"
703,Statice,Statice s/clasificar,Manojo,Cielo abierto,Convencional,Nacional,13.13,13.13,0,"367,675.30","28,002.69",35.04,"12,881.66"
704,Statice,Statice s/clasificar,Tonelada,Cielo abierto,Convencional,Nacional,318.5,318.5,0,"2,932.28",9.21,"4,159.65","12,197.25"
705,Stevia,Stevia s/clasificar,Tonelada,Cielo abierto,Convencional,Nacional,100.15,19.15,0,235.19,12.28,"18,152.67","4,269.33"
706,Tabaco,Tabaco s/clasificar,Tonelada,Cielo abierto,Convencional,Nacional,"7,275.60","7,275.60",0,"18,578.96",2.55,"43,285.63","804,202.05"
707,Tamarindo,Tamarindo s/clasificar,Tonelada,Cielo abierto,Convencional,Nacional,"8,495.10","8,348.60",0,"52,642.50",6.31,"9,551.68","502,824.36"
708,Tangelo,Tangelo s/clasificar,Tonelada,Cielo abierto,Convencional,Nacional,"3,964.00","3,964.00",0,"94,595.20",23.86,"3,975.83","376,094.46"
709,Tangerina,Tangerina s/clasificar,Tonelada,Cielo abierto,Convencional,Nacional,"11,573.70","11,539.70",0,"192,351.92",16.67,"3,200.41","615,604.98"
710,Tarragón,Tarragón,Tonelada,Cielo abierto,Orgánico,Nacional,8.3,8.3,0,30.46,3.67,"20,677.60",629.84
711,Té limón,Té limón s/clasificar,Tonelada,Cielo abierto,Convencional,Nacional,33,33,0,137.1,4.15,"3,210.34",440.14
712,Tejocote,Tejocote s/clasificar,Tonelada,Cielo abierto,Convencional,Nacional,900,827.8,0,"5,758.07",6.96,"3,317.49","19,102.35"
713,Terciopelo,Terciopelo s/clasificar,Manojo,Cielo abierto,Convencional,Nacional,276.82,276.82,0,"485,469.00","1,753.74",64.82,"31,469.24"
714,Tomate rojo (jitomate),Tomate rojo (jitomate) cherry,Tonelada,Cielo abierto,Convencional,Exportación,50,50,0,"1,783.95",35.68,"28,116.08","50,157.68"
715,Tomate rojo (jitomate),Tomate rojo (jitomate) saladette,Tonelada,Cielo abierto,Convencional,Exportación,"1,414.00","1,414.00",0,"81,278.50",57.48,"11,213.76","911,437.64"
716,Tomate rojo (jitomate),Tomate rojo (jitomate) bola,Tonelada,Cielo abierto,Convencional,Exportación,451.2,451.2,0,"19,105.10",42.34,"9,163.69","175,073.23"
717,Tomate rojo (jitomate),Tomate rojo (jitomate) saladette rio grande,Tonelada,Cielo abierto,Convencional,Nacional,356.17,356.17,0,"8,310.96",23.33,"9,295.53","77,254.81"
718,Tomate rojo (jitomate),Tomate rojo (jitomate) bola,Tonelada,Cielo abierto,Convencional,Nacional,"1,145.20","1,145.20",0,"55,926.60",48.84,"8,940.85","500,031.40"
719,Tomate rojo (jitomate),Tomate rojo (jitomate) cherry,Tonelada,Cielo abierto,Convencional,Nacional,109.64,109.64,0,"3,503.66",31.96,"10,266.70","35,971.04"
720,Tomate rojo (jitomate),Tomate rojo (jitomate) saladette roma,Tonelada,Cielo abierto,Convencional,Nacional,60,60,0,"3,264.00",54.4,"5,443.84","17,768.71"
721,Tomate rojo (jitomate),Tomate rojo (jitomate) saladette,Tonelada,Cielo abierto,Convencional,Nacional,"29,115.71","28,894.21",221.5,"1,060,937.37",36.72,"8,388.73","8,899,917.30"
722,Tomate rojo (jitomate),Tomate rojo (jitomate) cherry,Tonelada,Cielo abierto,Orgánico,Nacional,351.74,351.74,0,"12,925.87",36.75,"13,533.35","174,930.30"
723,Tomate rojo (jitomate),Tomate rojo (jitomate) saladette,Tonelada,Cielo abierto,Orgánico,Nacional,515,515,0,"32,091.25",62.31,"14,833.31","476,019.48"
724,Tomate rojo (jitomate),Tomate rojo (jitomate) bola,Tonelada,Cielo abierto,Orgánico,Nacional,11,11,0,359.92,32.72,"16,588.40","5,970.50"
725,Tomate rojo (jitomate),Tomate rojo (jitomate) cherry,Tonelada,Invernadero,Convencional,Exportación,396.62,396.62,0,"52,402.00",132.12,"11,640.38","609,979.34"
726,Tomate rojo (jitomate),Tomate rojo (jitomate) saladette,Tonelada,Invernadero,Convencional,Exportación,527.2,527.2,0,"84,362.06",160.02,"13,166.23","1,110,730.65"
727,Tomate rojo (jitomate),Tomate rojo (jitomate) bola,Tonelada,Invernadero,Convencional,Exportación,247.01,247.01,0,"51,060.68",206.72,"16,753.41","855,440.45"
728,Tomate rojo (jitomate),Tomate rojo (jitomate) uva,Tonelada,Invernadero,Convencional,Exportación,219.65,219.65,0,"31,106.95",141.62,"15,804.65","491,634.37"
729,Tomate rojo (jitomate),Tomate rojo (jitomate) bola,Tonelada,Invernadero,Convencional,Nacional,560.9,546.9,14,"125,124.90",228.79,"9,617.79","1,203,424.91"
730,Tomate rojo (jitomate),Tomate rojo (jitomate) uva,Tonelada,Invernadero,Convencional,Nacional,0.24,0.24,0,29.28,122,"9,829.51",287.81
731,Tomate rojo (jitomate),Tomate rojo (jitomate),Tonelada,Invernadero,Convencional,Nacional,25.2,25.2,0,"3,198.13",126.91,"10,138.51","32,424.28"
732,Tomate rojo (jitomate),Tomate rojo (jitomate) saladette,Tonelada,Invernadero,Convencional,Nacional,"5,940.99","5,910.99",30,"1,127,973.58",190.83,"9,087.28","10,250,210.93"
733,Tomate rojo (jitomate),Tomate rojo (jitomate) cherry,Tonelada,Invernadero,Convencional,Nacional,204.58,204.58,0,"29,774.62",145.54,"10,159.77","302,503.19"
734,Tomate rojo (jitomate),Tomate rojo (jitomate) bola,Tonelada,Invernadero,Orgánico,Exportación,1.7,1.7,0,258.4,152,"15,337.23","3,963.14"
735,Tomate rojo (jitomate),Tomate rojo (jitomate) bola,Tonelada,Invernadero,Orgánico,Nacional,28.09,28.09,0,"3,085.76",109.85,"18,882.15","58,265.79"
736,Tomate rojo (jitomate),Tomate rojo (jitomate) saladette,Tonelada,Invernadero,Orgánico,Nacional,238.95,238.95,0,"41,810.12",174.97,"6,834.58","285,754.81"
737,Tomate rojo (jitomate),Tomate rojo (jitomate) saladette,Tonelada,Macro túnel,Convencional,Nacional,307.15,307.15,0,"23,750.20",77.32,"7,756.30","184,213.69"
738,Tomate rojo (jitomate),Tomate rojo (jitomate) saladette,Tonelada,Malla sombra,Convencional,Exportación,"2,549.05","2,549.05",0,"312,337.65",122.53,"13,674.70","4,271,122.75"
739,Tomate rojo (jitomate),Tomate rojo (jitomate) saladette roma,Tonelada,Malla sombra,Convencional,Exportación,260.8,260.8,0,"25,289.80",96.97,"14,571.36","368,506.87"
740,Tomate rojo (jitomate),Tomate rojo (jitomate) cherry,Tonelada,Malla sombra,Convencional,Exportación,6.65,6.65,0,232.75,35,"35,375.00","8,233.53"
741,Tomate rojo (jitomate),Tomate rojo (jitomate) bola,Tonelada,Malla sombra,Convencional,Exportación,725,725,0,"83,493.58",115.16,"17,183.30","1,434,695.53"
742,Tomate rojo (jitomate),Tomate rojo (jitomate) uva,Tonelada,Malla sombra,Convencional,Exportación,39.5,39.5,0,"3,631.63",91.94,"12,000.00","43,579.56"
743,Tomate rojo (jitomate),Tomate rojo (jitomate) bola,Tonelada,Malla sombra,Convencional,Nacional,490.5,490.5,0,"46,786.66",95.39,"10,814.59","505,978.63"
744,Tomate rojo (jitomate),Tomate rojo (jitomate),Tonelada,Malla sombra,Convencional,Nacional,48,48,0,"4,080.00",85,"9,400.00","38,352.00"
745,Tomate rojo (jitomate),Tomate rojo (jitomate) uva,Tonelada,Malla sombra,Convencional,Nacional,85,85,0,"6,986.15",82.19,"7,188.98","50,223.27"
746,Tomate rojo (jitomate),Tomate rojo (jitomate) saladette,Tonelada,Malla sombra,Convencional,Nacional,"3,224.00","3,191.00",33,"364,141.67",114.12,"10,083.46","3,671,806.27"
747,Tomate rojo (jitomate),Tomate rojo (jitomate) cherry,Tonelada,Malla sombra,Convencional,Nacional,72.52,72.52,0,"3,247.80",44.78,"17,189.79","55,828.99"
748,Tomate rojo (jitomate),Tomate rojo (jitomate) cherry,Tonelada,Malla sombra,Orgánico,Nacional,102.68,102.68,0,"4,571.64",44.52,"17,787.97","81,320.21"
749,Tomate rojo (jitomate),Tomate rojo (jitomate) saladette,Tonelada,Malla sombra,Orgánico,Nacional,205,205,0,"15,580.00",76,"14,573.86","227,060.74"
750,Tomate verde,Tomate verde s/clasificar,Tonelada,Cielo abierto,Convencional,Nacional,"38,945.28","37,192.58","1,752.70","688,675.77",18.52,"6,785.17","4,672,782.21"
751,Tomate verde,Tomate verde,Tonelada,Cielo abierto,Orgánico,Nacional,252,252,0,"3,214.28",12.76,"5,444.21","17,499.22"
752,Tomate verde,Tomate verde,Tonelada,Invernadero,Convencional,Nacional,174,34,140,"1,633.57",48.05,"5,681.37","9,280.92"
753,Tomate verde,Tomate verde,Tonelada,Macro túnel,Convencional,Nacional,1.5,1.5,0,59.69,39.79,"3,876.42",231.38
754,Tomate verde,Tomate verde,Tonelada,Malla sombra,Convencional,Nacional,24,24,0,744,31,"7,514.25","5,590.60"
755,Tomillo,Tomillo s/clasificar,Tonelada,Cielo abierto,Convencional,Nacional,12,12,0,35.48,2.96,"12,884.79",457.15
756,Tomillo,Tomillo,Tonelada,Cielo abierto,Orgánico,Nacional,10.25,10.25,0,32.68,3.19,"26,243.04",857.62
757,Toronja (pomelo),Toronja (pomelo) criolla,Tonelada,Cielo abierto,Convencional,Nacional,"1,545.60","1,545.60",0,"25,021.18",16.19,"5,405.47","135,251.35"
758,Toronja (pomelo),Toronja (pomelo) red blush,Tonelada,Cielo abierto,Convencional,Nacional,"2,454.15","2,454.15",0,"39,653.47",16.16,"4,911.88","194,773.16"
759,Toronja (pomelo),Toronja (pomelo) s/clasificar,Tonelada,Cielo abierto,Convencional,Nacional,97,97,0,133.34,1.37,"5,686.65",758.26
760,Toronja (pomelo),Toronja (pomelo) marsh,Tonelada,Cielo abierto,Convencional,Nacional,627,455,0,"10,526.91",23.14,"6,358.18","66,931.97"
761,Toronja (pomelo),Toronja (pomelo) ruby red,Tonelada,Cielo abierto,Convencional,Nacional,"13,760.88","13,369.38",0,"368,161.17",27.54,"4,000.91","1,472,979.11"
762,Toronja (pomelo),Toronja (pomelo) doble roja,Tonelada,Cielo abierto,Convencional,Nacional,"3,370.65","3,114.65",0,"37,333.71",11.99,"5,402.82","201,707.16"
763,Trébol,Trébol s/clasificar,Tonelada,Cielo abierto,Convencional,Nacional,18,18,0,750.74,41.71,666.12,500.09
764,Trigo forrajero verde,Trigo forrajero verde s/clasificar,Tonelada,Cielo abierto,Convencional,Nacional,"1,972.10","1,972.10",0,"45,681.77",23.16,842.47,"38,485.70"
765,Trigo grano,Trigo grano suave,Tonelada,Cielo abierto,Convencional,Nacional,"149,572.37","128,998.87","20,573.50","600,940.13",4.66,"5,882.38","3,534,960.76"
766,Trigo grano,Trigo grano fuerte,Tonelada,Cielo abierto,Convencional,Nacional,"116,436.98","113,305.98","3,131.00","622,688.51",5.5,"6,821.77","4,247,840.73"
767,Trigo grano,Trigo grano corto y tenaz,Tonelada,Cielo abierto,Convencional,Nacional,"7,122.56","6,581.36",541.2,"10,607.44",1.61,"4,562.82","48,399.83"
768,Trigo grano,Trigo grano cristalino,Tonelada,Cielo abierto,Convencional,Nacional,"218,536.69","218,416.69",120,"1,412,126.10",6.47,"6,411.21","9,053,437.56"
769,Trigo grano,Trigo grano medio fuerte,Tonelada,Cielo abierto,Convencional,Nacional,734.87,732.87,2,"2,015.56",2.75,"5,422.48","10,929.32"
770,Trigo ornamental,Trigo ornamental s/clasificar,Manojo,Cielo abierto,Convencional,Nacional,27,27,0,"14,011.02",518.93,23.44,328.42
771,Triticale forrajero en verde,Triticale forrajero en verde s/clasificar,Tonelada,Cielo abierto,Convencional,Nacional,"10,318.95","10,318.95",0,"281,998.87",27.33,777.68,"219,304.24"
772,Triticale grano,Triticale grano s/clasificar,Tonelada,Cielo abierto,Convencional,Nacional,"4,089.75","4,089.75",0,"12,816.86",3.13,"4,254.55","54,529.96"
773,Tulipán holandés,Tulipán holandés,Planta,Invernadero,Convencional,Nacional,12.06,12.06,0,"1,130,880.61","93,771.19",39.64,"44,828.28"
774,Tuna,Tuna criolla,Tonelada,Cielo abierto,Convencional,Nacional,"3,060.95","3,052.95",0,"63,332.97",20.74,"4,305.95","272,708.77"
775,Tuna,Tuna xoconoxtle,Tonelada,Cielo abierto,Convencional,Nacional,"1,075.50","1,024.50",0,"8,217.72",8.02,"3,255.36","26,751.62"
776,Tuna,Tuna amarilla,Tonelada,Cielo abierto,Convencional,Nacional,"6,307.80","6,048.55",0,"37,440.85",6.19,"4,913.68","183,972.40"
777,Tuna,Tuna blanca cristalina,Tonelada,Cielo abierto,Convencional,Nacional,"7,194.70","6,877.00",0,"57,616.84",8.38,"4,592.94","264,630.66"
778,Tuna,Tuna pico chulo,Tonelada,Cielo abierto,Convencional,Nacional,66,66,0,703.47,10.66,"2,865.70","2,015.93"
779,Tuna,Tuna roja,Tonelada,Cielo abierto,Convencional,Nacional,"7,862.68","7,777.08",0,"82,331.32",10.59,"4,959.08","408,287.38"
780,Tuna,Tuna alfajayucan,Tonelada,Cielo abierto,Convencional,Nacional,"17,586.14","16,948.14",0,"151,839.31",8.96,"3,264.62","495,696.89"
781,Tuna,Tuna blanca burrón,Tonelada,Cielo abierto,Convencional,Nacional,"1,310.00","1,310.00",0,"8,113.13",6.19,"5,447.45","44,195.89"
782,Uva,Uva fruta,Tonelada,Cielo abierto,Convencional,Exportación,"9,036.00","9,036.00",0,"168,176.82",18.61,"34,245.86","5,759,359.46"
783,Uva,Uva s/clasificar,Tonelada,Cielo abierto,Convencional,Nacional,10.5,9.5,0,62.99,6.63,"27,900.00","1,757.42"
784,Uva,Uva industrial,Tonelada,Cielo abierto,Convencional,Nacional,"9,513.66","9,254.08",0,"82,290.28",8.89,"17,694.96","1,456,123.62"
785,Uva,Uva fruta,Tonelada,Cielo abierto,Convencional,Nacional,"13,483.96","13,195.46",0,"187,902.32",14.24,"24,721.77","4,645,277.60"
786,Uva,Uva pasa,Tonelada,Cielo abierto,Convencional,Nacional,"3,671.00","3,671.00",0,"19,277.15",5.25,"16,451.55","317,139.06"
787,Uva,Uva industrial,Tonelada,Cielo abierto,Orgánico,Nacional,12,12,0,102,8.5,"12,276.08","1,252.16"
788,Uva,Uva fruta,Tonelada,Malla sombra,Convencional,Exportación,999,999,0,"18,779.61",18.8,"34,571.74","649,243.80"
789,Uva,Uva fruta,Tonelada,Malla sombra,Convencional,Nacional,"1,288.50","1,288.50",0,"22,548.75",17.5,"23,560.00","531,248.55"
790,Vainilla,Vainilla verde,Tonelada,Cielo abierto,Convencional,Nacional,829.6,800.1,0,510.34,0.64,"112,060.33","57,188.87"
791,Verdolaga,Verdolaga s/clasificar,Tonelada,Cielo abierto,Convencional,Nacional,414,410.8,3.2,"5,109.33",12.44,"4,498.30","22,983.31"
792,Viveros de durazno,Viveros de durazno s/clasificar,Planta,Cielo abierto,Convencional,Nacional,3,3,0,"61,800.00","20,600.00",25.1,"1,551.18"
793,Viveros de manzana,Viveros de manzana s/clasificar,Planta,Cielo abierto,Convencional,Nacional,8,8,0,"212,000.00","26,500.00",60,"12,720.00"
794,Viveros de nuez,Viveros de nuez s/clasificar,Planta,Cielo abierto,Convencional,Nacional,76,41.5,0,"528,962.50","12,746.08",156.42,"82,740.00"
795,Yu-choy,Yu-choy s/clasificar,Tonelada,Cielo abierto,Convencional,Nacional,505,505,0,"7,493.41",14.84,"7,588.81","56,866.04"
796,Yuca alimenticia,Yuca alimenticia s/clasificar,Tonelada,Cielo abierto,Convencional,Nacional,"1,935.20","1,935.20",0,"23,488.41",12.14,"4,006.12","94,097.49"
797,Zanahoria,Zanahoria s/clasificar,Tonelada,Cielo abierto,Convencional,Nacional,22,22,0,316.28,14.38,"5,861.50","1,853.87"
798,Zanahoria,Zanahoria emperador,Tonelada,Cielo abierto,Convencional,Nacional,307.6,307.6,0,"9,747.17",31.69,"4,027.73","39,258.97"
799,Zanahoria,Zanahoria baby,Tonelada,Cielo abierto,Convencional,Nacional,112.7,112.7,0,"3,175.89",28.18,"6,618.65","21,020.10"
800,Zanahoria,Zanahoria nantes,Tonelada,Cielo abierto,Convencional,Nacional,"11,391.33","11,390.33",1,"354,132.37",31.09,"3,737.36","1,323,519.19"
801,Zapote,Zapote negro,Tonelada,Cielo abierto,Convencional,Nacional,17.25,17.25,0,104.93,6.08,"3,144.32",329.93
802,Zapote,Zapote chico (chico zapote),Tonelada,Cielo abierto,Convencional,Nacional,872.55,865.35,0,"7,810.78",9.03,"5,581.17","43,593.31"
803,Zapote chiclero,Zapote chiclero s/clasificar,Tonelada,Cielo abierto,Convencional,Nacional,105,55,0,19.8,0.36,"102,500.00","2,029.50"
804,Zapupe,Zapupe s/clasificar,Tonelada,Cielo abierto,Convencional,Nacional,720,720,0,"11,491.20",15.96,"1,781.31","20,469.39"
805,Zarzamora,Zarzamora,Tonelada,Cielo abierto,Convencional,Exportación,"5,229.00","5,229.00",0,"144,723.60",27.68,"20,473.62","2,963,016.06"
806,Zarzamora,Zarzamora s/clasificar,Tonelada,Cielo abierto,Convencional,Nacional,"4,729.91","4,641.70",0,"89,468.17",19.27,"23,632.99","2,114,399.99"
807,Zarzamora,Zarzamora,Tonelada,Cielo abierto,Orgánico,Nacional,461.5,461.5,0,"11,345.00",24.58,"21,935.67","248,860.19"
808,Zarzamora,Zarzamora,Tonelada,Invernadero,Orgánico,Nacional,1,1,0,11.44,11.44,"30,400.00",347.78
809,Zarzamora,Zarzamora,Tonelada,Macro túnel,Convencional,Exportación,270,270,0,"7,444.38",27.57,"18,896.45","140,672.36"
810,Zarzamora,Zarzamora,Tonelada,Macro túnel,Convencional,Nacional,"1,031.20","1,031.20",0,"15,737.86",15.26,"37,491.49","590,035.87"
811,Zarzamora,Zarzamora,Tonelada,Malla sombra,Convencional,Exportación,326,326,0,"1,905.00",5.84,"22,000.00","41,910.00"
812,Zarzamora,Zarzamora,Tonelada,Malla sombra,Convencional,Nacional,16.05,14.5,0,198.03,13.66,"27,505.68","5,446.95"
813,Zempoalxochitl,Zempoalxochitl s/clasificar,Manojo,Cielo abierto,Convencional,Nacional,171.23,171.23,0,"510,019.29","2,978.56",62.61,"31,931.38"
814,Zempoalxochitl,Zempoalxochitl s/clasificar,Planta,Cielo abierto,Convencional,Nacional,1,1,0,"115,120.00","115,120.00",15.27,"1,757.73"
815,Zempoalxochitl,Zempoalxochitl,Planta,Invernadero,Convencional,Nacional,16,16,0,"3,048,308.50","190,519.28",13.78,"41,998.55"
816,Zempoalxochitl,Zempoalxochitl s/clasificar,Tonelada,Cielo abierto,Convencional,Nacional,"2,203.90","2,203.90",0,"20,659.19",9.37,"6,697.64","138,367.76"
Total,,,,,,,"20,000,788.29","19,184,600.17","367,062.89","521,838,026.82",27.2,"1,639.93","855,777,228.42"
